> Task :gradle-plugin:settings-plugin:checkKotlinGradlePluginConfigurationErrors SKIPPED
> Task :gradle-plugin:shared:checkKotlinGradlePluginConfigurationErrors SKIPPED
> Task :gradle-plugin:shared:compileKotlin UP-TO-DATE
> Task :gradle-plugin:shared:compileJava NO-SOURCE
> Task :gradle-plugin:shared:processResources NO-SOURCE
> Task :gradle-plugin:shared:classes UP-TO-DATE
> Task :gradle-plugin:shared:jar UP-TO-DATE
> Task :gradle-plugin:settings-plugin:compileKotlin UP-TO-DATE
> Task :gradle-plugin:settings-plugin:compileJava NO-SOURCE
> Task :gradle-plugin:settings-plugin:pluginDescriptors UP-TO-DATE
> Task :gradle-plugin:settings-plugin:processResources UP-TO-DATE
> Task :gradle-plugin:settings-plugin:classes UP-TO-DATE
> Task :gradle-plugin:settings-plugin:jar UP-TO-DATE
> Task :gradle-plugin:react-native-gradle-plugin:checkKotlinGradlePluginConfigurationErrors SKIPPED
> Task :gradle-plugin:react-native-gradle-plugin:compileKotlin UP-TO-DATE
> Task :gradle-plugin:react-native-gradle-plugin:compileJava NO-SOURCE
> Task :gradle-plugin:react-native-gradle-plugin:pluginDescriptors UP-TO-DATE
> Task :gradle-plugin:react-native-gradle-plugin:processResources UP-TO-DATE
> Task :gradle-plugin:react-native-gradle-plugin:classes UP-TO-DATE
> Task :gradle-plugin:react-native-gradle-plugin:jar UP-TO-DATE

> Configure project :notifee_react-native
:notifee_react-native @notifee/react-native found at /Users/jaskirat/Desktop/my_learning_app/node_modules/@notifee/react-native
:notifee_react-native package.json found at /Users/jaskirat/Desktop/my_learning_app/node_modules/@notifee/react-native/package.json
:notifee_react-native:version set from package.json: 9.1.8 (9,1,8 - 9001008)
:notifee_react-native:android.compileSdk using custom value: 36
:notifee_react-native:android.targetSdk using custom value: 36
:notifee_react-native:android.minSdk using custom value: 24
:notifee_react-native:reactNativeAndroidDir /Users/jaskirat/Desktop/my_learning_app/node_modules/react-native

> Configure project :react-native-firebase_analytics
:react-native-firebase_analytics package.json found at /Users/jaskirat/Desktop/my_learning_app/node_modules/@react-native-firebase/analytics/package.json
:react-native-firebase_app package.json found at /Users/jaskirat/Desktop/my_learning_app/node_modules/@react-native-firebase/app/package.json
:react-native-firebase_analytics:firebase.bom using default value: 34.14.0
:react-native-firebase_analytics package.json found at /Users/jaskirat/Desktop/my_learning_app/node_modules/@react-native-firebase/analytics/package.json
:react-native-firebase_analytics:version set from package.json: 24.1.1 (24,1,1 - 24001001)
:react-native-firebase_analytics:android.compileSdk using custom value: 36
:react-native-firebase_analytics:android.targetSdk using custom value: 36
:react-native-firebase_analytics:android.minSdk using custom value: 24
:react-native-firebase_analytics:reactNativeAndroidDir /Users/jaskirat/Desktop/my_learning_app/node_modules/react-native

> Configure project :react-native-firebase_app
:react-native-firebase_app package.json found at /Users/jaskirat/Desktop/my_learning_app/node_modules/@react-native-firebase/app/package.json
:react-native-firebase_app:firebase.bom using default value: 34.14.0
:react-native-firebase_app:play.play-services-auth using default value: 21.5.0
:react-native-firebase_app package.json found at /Users/jaskirat/Desktop/my_learning_app/node_modules/@react-native-firebase/app/package.json
:react-native-firebase_app:version set from package.json: 24.1.1 (24,1,1 - 24001001)
:react-native-firebase_app:android.compileSdk using custom value: 36
:react-native-firebase_app:android.targetSdk using custom value: 36
:react-native-firebase_app:android.minSdk using custom value: 24
:react-native-firebase_app:reactNativeAndroidDir /Users/jaskirat/Desktop/my_learning_app/node_modules/react-native

> Configure project :react-native-firebase_auth
:react-native-firebase_auth package.json found at /Users/jaskirat/Desktop/my_learning_app/node_modules/@react-native-firebase/auth/package.json
:react-native-firebase_app package.json found at /Users/jaskirat/Desktop/my_learning_app/node_modules/@react-native-firebase/app/package.json
:react-native-firebase_auth:firebase.bom using default value: 34.14.0
:react-native-firebase_auth package.json found at /Users/jaskirat/Desktop/my_learning_app/node_modules/@react-native-firebase/auth/package.json
:react-native-firebase_auth:version set from package.json: 24.1.1 (24,1,1 - 24001001)
:react-native-firebase_auth:android.compileSdk using custom value: 36
:react-native-firebase_auth:android.targetSdk using custom value: 36
:react-native-firebase_auth:android.minSdk using custom value: 24
:react-native-firebase_auth:reactNativeAndroidDir /Users/jaskirat/Desktop/my_learning_app/node_modules/react-native

> Configure project :react-native-firebase_crashlytics
:react-native-firebase_crashlytics package.json found at /Users/jaskirat/Desktop/my_learning_app/node_modules/@react-native-firebase/crashlytics/package.json
:react-native-firebase_app package.json found at /Users/jaskirat/Desktop/my_learning_app/node_modules/@react-native-firebase/app/package.json
:react-native-firebase_crashlytics:firebase.bom using default value: 34.14.0
:react-native-firebase_crashlytics package.json found at /Users/jaskirat/Desktop/my_learning_app/node_modules/@react-native-firebase/crashlytics/package.json
:react-native-firebase_crashlytics:version set from package.json: 24.1.1 (24,1,1 - 24001001)
:react-native-firebase_crashlytics:android.compileSdk using custom value: 36
:react-native-firebase_crashlytics:android.targetSdk using custom value: 36
:react-native-firebase_crashlytics:android.minSdk using custom value: 24
:react-native-firebase_crashlytics:reactNativeAndroidDir /Users/jaskirat/Desktop/my_learning_app/node_modules/react-native

> Configure project :react-native-firebase_database
:react-native-firebase_database package.json found at /Users/jaskirat/Desktop/my_learning_app/node_modules/@react-native-firebase/database/package.json
:react-native-firebase_app package.json found at /Users/jaskirat/Desktop/my_learning_app/node_modules/@react-native-firebase/app/package.json
:react-native-firebase_database:firebase.bom using default value: 34.14.0
:react-native-firebase_database package.json found at /Users/jaskirat/Desktop/my_learning_app/node_modules/@react-native-firebase/database/package.json
:react-native-firebase_database:version set from package.json: 24.1.1 (24,1,1 - 24001001)
:react-native-firebase_database:android.compileSdk using custom value: 36
:react-native-firebase_database:android.targetSdk using custom value: 36
:react-native-firebase_database:android.minSdk using custom value: 24
:react-native-firebase_database:reactNativeAndroidDir /Users/jaskirat/Desktop/my_learning_app/node_modules/react-native

> Configure project :react-native-firebase_firestore
:react-native-firebase_firestore package.json found at /Users/jaskirat/Desktop/my_learning_app/node_modules/@react-native-firebase/firestore/package.json
:react-native-firebase_app package.json found at /Users/jaskirat/Desktop/my_learning_app/node_modules/@react-native-firebase/app/package.json
:react-native-firebase_firestore:firebase.bom using default value: 34.14.0
:react-native-firebase_firestore package.json found at /Users/jaskirat/Desktop/my_learning_app/node_modules/@react-native-firebase/firestore/package.json
:react-native-firebase_firestore:version set from package.json: 24.1.1 (24,1,1 - 24001001)
:react-native-firebase_firestore:android.compileSdk using custom value: 36
:react-native-firebase_firestore:android.targetSdk using custom value: 36
:react-native-firebase_firestore:android.minSdk using custom value: 24
:react-native-firebase_firestore:reactNativeAndroidDir /Users/jaskirat/Desktop/my_learning_app/node_modules/react-native

> Configure project :react-native-firebase_messaging
:react-native-firebase_messaging package.json found at /Users/jaskirat/Desktop/my_learning_app/node_modules/@react-native-firebase/messaging/package.json
:react-native-firebase_app package.json found at /Users/jaskirat/Desktop/my_learning_app/node_modules/@react-native-firebase/app/package.json
:react-native-firebase_messaging:firebase.bom using default value: 34.14.0
:react-native-firebase_messaging package.json found at /Users/jaskirat/Desktop/my_learning_app/node_modules/@react-native-firebase/messaging/package.json
:react-native-firebase_messaging:version set from package.json: 24.1.1 (24,1,1 - 24001001)
:react-native-firebase_messaging:android.compileSdk using custom value: 36
:react-native-firebase_messaging:android.targetSdk using custom value: 36
:react-native-firebase_messaging:android.minSdk using custom value: 24
:react-native-firebase_messaging:reactNativeAndroidDir /Users/jaskirat/Desktop/my_learning_app/node_modules/react-native

> Configure project :react-native-video
Kotlin version is correct: 2.1.20
AndroidX version is correct: 1.9.3
useExoplayerIMA: false
useExoplayerSmoothStreaming: true
useExoplayerDash: true
useExoplayerHls: true
useExoplayerRtsp: false
buildFromSource: false

> Task :app:generateAutolinkingNewArchitectureFiles UP-TO-DATE
> Task :app:generateAutolinkingPackageList UP-TO-DATE
> Task :app:generateCodegenSchemaFromJavaScript UP-TO-DATE
> Task :app:generateCodegenArtifactsFromSchema UP-TO-DATE
> Task :app:generateReactNativeEntryPoint UP-TO-DATE
> Task :notifee_react-native:preBuild UP-TO-DATE
> Task :react-native-async-storage_async-storage:generateCodegenSchemaFromJavaScript UP-TO-DATE
> Task :react-native-async-storage_async-storage:generateCodegenArtifactsFromSchema UP-TO-DATE
> Task :react-native-async-storage_async-storage:preBuild UP-TO-DATE
> Task :react-native-community_geolocation:generateCodegenSchemaFromJavaScript UP-TO-DATE
> Task :react-native-community_geolocation:generateCodegenArtifactsFromSchema UP-TO-DATE
> Task :react-native-community_geolocation:preBuild UP-TO-DATE
> Task :react-native-community_netinfo:generateCodegenSchemaFromJavaScript UP-TO-DATE
> Task :react-native-community_netinfo:generateCodegenArtifactsFromSchema UP-TO-DATE
> Task :react-native-community_netinfo:preBuild UP-TO-DATE
> Task :react-native-contacts:generateCodegenSchemaFromJavaScript UP-TO-DATE
> Task :react-native-contacts:generateCodegenArtifactsFromSchema UP-TO-DATE
> Task :react-native-contacts:preBuild UP-TO-DATE
> Task :react-native-firebase_analytics:preBuild UP-TO-DATE
> Task :react-native-firebase_app:preBuild UP-TO-DATE
> Task :react-native-firebase_auth:preBuild UP-TO-DATE
> Task :react-native-firebase_crashlytics:preBuild UP-TO-DATE
> Task :react-native-firebase_database:preBuild UP-TO-DATE
> Task :react-native-firebase_firestore:preBuild UP-TO-DATE
> Task :react-native-firebase_messaging:preBuild UP-TO-DATE
> Task :react-native-fs:preBuild UP-TO-DATE
> Task :react-native-gesture-handler:generateCodegenSchemaFromJavaScript UP-TO-DATE
> Task :react-native-gesture-handler:generateCodegenArtifactsFromSchema UP-TO-DATE
> Task :react-native-gesture-handler:preBuild UP-TO-DATE
> Task :react-native-get-random-values:generateCodegenSchemaFromJavaScript UP-TO-DATE
> Task :react-native-get-random-values:generateCodegenArtifactsFromSchema UP-TO-DATE
> Task :react-native-get-random-values:preBuild UP-TO-DATE
> Task :react-native-google-signin_google-signin:generateCodegenSchemaFromJavaScript UP-TO-DATE
> Task :react-native-google-signin_google-signin:generateCodegenArtifactsFromSchema UP-TO-DATE
> Task :react-native-google-signin_google-signin:preBuild UP-TO-DATE
> Task :react-native-html-to-pdf:generateCodegenSchemaFromJavaScript UP-TO-DATE
> Task :react-native-html-to-pdf:generateCodegenArtifactsFromSchema UP-TO-DATE
> Task :react-native-html-to-pdf:preBuild UP-TO-DATE
> Task :react-native-image-picker:generateCodegenSchemaFromJavaScript UP-TO-DATE
> Task :react-native-image-picker:generateCodegenArtifactsFromSchema UP-TO-DATE
> Task :react-native-image-picker:preBuild UP-TO-DATE
> Task :react-native-keyboard-controller:generateCodegenSchemaFromJavaScript UP-TO-DATE
> Task :react-native-keyboard-controller:generateCodegenArtifactsFromSchema UP-TO-DATE
> Task :react-native-keyboard-controller:preBuild UP-TO-DATE
> Task :react-native-keychain:generateCodegenSchemaFromJavaScript UP-TO-DATE
> Task :react-native-keychain:generateCodegenArtifactsFromSchema UP-TO-DATE
> Task :react-native-keychain:preBuild UP-TO-DATE
> Task :react-native-linear-gradient:preBuild UP-TO-DATE
> Task :react-native-maps:generateCodegenSchemaFromJavaScript SKIPPED
> Task :react-native-maps:generateCodegenArtifactsFromSchema SKIPPED
> Task :react-native-maps:preBuild UP-TO-DATE
> Task :react-native-masked-view_masked-view:preBuild UP-TO-DATE
> Task :react-native-pager-view:generateCodegenSchemaFromJavaScript UP-TO-DATE
> Task :react-native-pager-view:generateCodegenArtifactsFromSchema UP-TO-DATE
> Task :react-native-pager-view:preBuild UP-TO-DATE
> Task :react-native-razorpay:preBuild UP-TO-DATE
> Task :react-native-reanimated:assertMinimalReactNativeVersionTask
> Task :react-native-reanimated:assertWorkletsVersionTask
> Task :react-native-reanimated:generateCodegenSchemaFromJavaScript UP-TO-DATE
> Task :react-native-reanimated:generateCodegenArtifactsFromSchema UP-TO-DATE
> Task :react-native-reanimated:prepareReanimatedHeadersForPrefabs UP-TO-DATE
> Task :react-native-reanimated:preBuild
> Task :react-native-safe-area-context:generateCodegenSchemaFromJavaScript UP-TO-DATE
> Task :react-native-safe-area-context:generateCodegenArtifactsFromSchema UP-TO-DATE
> Task :react-native-safe-area-context:preBuild UP-TO-DATE
> Task :react-native-screens:generateCodegenSchemaFromJavaScript UP-TO-DATE
> Task :react-native-screens:generateCodegenArtifactsFromSchema UP-TO-DATE
> Task :react-native-screens:preBuild UP-TO-DATE
> Task :react-native-sqlite-storage:preBuild UP-TO-DATE
> Task :react-native-svg:generateCodegenSchemaFromJavaScript UP-TO-DATE
> Task :react-native-svg:generateCodegenArtifactsFromSchema UP-TO-DATE
> Task :react-native-svg:preBuild UP-TO-DATE
> Task :react-native-vector-icons_material-design-icons:copyFonts UP-TO-DATE
> Task :react-native-vector-icons_material-design-icons:generateCodegenSchemaFromJavaScript UP-TO-DATE
> Task :react-native-vector-icons_material-design-icons:generateCodegenArtifactsFromSchema UP-TO-DATE
> Task :react-native-vector-icons_material-design-icons:preBuild UP-TO-DATE
> Task :react-native-video:preBuild UP-TO-DATE
> Task :react-native-worklets:assertMinimalReactNativeVersionTask
> Task :react-native-worklets:generateCodegenSchemaFromJavaScript UP-TO-DATE
> Task :react-native-worklets:generateCodegenArtifactsFromSchema UP-TO-DATE
> Task :react-native-worklets:prepareWorkletsHeadersForPrefabs UP-TO-DATE
> Task :react-native-worklets:preBuild
> Task :app:preBuild
> Task :app:preReleaseBuild
> Task :react-native-reanimated:preReleaseBuild
> Task :react-native-worklets:preReleaseBuild
> Task :react-native-worklets:configureCMakeRelWithDebInfo[arm64-v8a]
> Task :react-native-worklets:buildCMakeRelWithDebInfo[arm64-v8a][worklets]
> Task :react-native-worklets:configureCMakeRelWithDebInfo[armeabi-v7a]
> Task :react-native-worklets:buildCMakeRelWithDebInfo[armeabi-v7a][worklets]
> Task :react-native-worklets:configureCMakeRelWithDebInfo[x86]
> Task :react-native-worklets:buildCMakeRelWithDebInfo[x86][worklets]
> Task :react-native-worklets:configureCMakeRelWithDebInfo[x86_64]
> Task :react-native-worklets:buildCMakeRelWithDebInfo[x86_64][worklets]
> Task :react-native-worklets:externalNativeBuildRelease
> Task :react-native-worklets:generateJsonModelRelease
> Task :react-native-worklets:prefabReleaseConfigurePackage
> Task :react-native-reanimated:configureCMakeRelWithDebInfo[arm64-v8a]
> Task :react-native-reanimated:configureCMakeRelWithDebInfo[armeabi-v7a]
> Task :react-native-reanimated:configureCMakeRelWithDebInfo[x86]
> Task :react-native-reanimated:configureCMakeRelWithDebInfo[x86_64]
> Task :react-native-reanimated:generateJsonModelRelease
> Task :react-native-reanimated:prefabReleaseConfigurePackage UP-TO-DATE
> Task :app:configureCMakeRelWithDebInfo[arm64-v8a]
> Task :react-native-worklets:prefabReleasePackage UP-TO-DATE
> Task :react-native-reanimated:buildCMakeRelWithDebInfo[arm64-v8a][reanimated]
> Task :react-native-reanimated:buildCMakeRelWithDebInfo[armeabi-v7a][reanimated]
> Task :react-native-reanimated:buildCMakeRelWithDebInfo[x86][reanimated]
> Task :react-native-reanimated:buildCMakeRelWithDebInfo[x86_64][reanimated]
> Task :react-native-worklets:mergeReleaseJniLibFolders UP-TO-DATE
> Task :react-native-worklets:mergeReleaseNativeLibs UP-TO-DATE
> Task :react-native-worklets:copyReleaseJniLibsProjectOnly UP-TO-DATE
> Task :react-native-reanimated:externalNativeBuildRelease
> Task :react-native-reanimated:prefabReleasePackage UP-TO-DATE
> Task :app:buildCMakeRelWithDebInfo[arm64-v8a]
> Task :app:configureCMakeRelWithDebInfo[armeabi-v7a]
> Task :app:buildCMakeRelWithDebInfo[armeabi-v7a]
> Task :app:configureCMakeRelWithDebInfo[x86]
> Task :app:buildCMakeRelWithDebInfo[x86]
> Task :app:configureCMakeRelWithDebInfo[x86_64]
> Task :app:buildCMakeRelWithDebInfo[x86_64]
> Task :app:mergeReleaseJniLibFolders UP-TO-DATE
> Task :notifee_react-native:preReleaseBuild UP-TO-DATE
> Task :notifee_react-native:mergeReleaseJniLibFolders UP-TO-DATE
> Task :notifee_react-native:mergeReleaseNativeLibs NO-SOURCE
> Task :notifee_react-native:copyReleaseJniLibsProjectOnly UP-TO-DATE
> Task :react-native-async-storage_async-storage:preReleaseBuild UP-TO-DATE
> Task :react-native-async-storage_async-storage:mergeReleaseJniLibFolders UP-TO-DATE
> Task :react-native-async-storage_async-storage:mergeReleaseNativeLibs NO-SOURCE
> Task :react-native-async-storage_async-storage:copyReleaseJniLibsProjectOnly UP-TO-DATE
> Task :react-native-community_geolocation:preReleaseBuild UP-TO-DATE
> Task :react-native-community_geolocation:mergeReleaseJniLibFolders UP-TO-DATE
> Task :react-native-community_geolocation:mergeReleaseNativeLibs NO-SOURCE
> Task :react-native-community_geolocation:copyReleaseJniLibsProjectOnly UP-TO-DATE
> Task :react-native-community_netinfo:preReleaseBuild UP-TO-DATE
> Task :react-native-community_netinfo:mergeReleaseJniLibFolders UP-TO-DATE
> Task :react-native-community_netinfo:mergeReleaseNativeLibs NO-SOURCE
> Task :react-native-community_netinfo:copyReleaseJniLibsProjectOnly UP-TO-DATE
> Task :react-native-contacts:preReleaseBuild UP-TO-DATE
> Task :react-native-contacts:mergeReleaseJniLibFolders UP-TO-DATE
> Task :react-native-contacts:mergeReleaseNativeLibs NO-SOURCE
> Task :react-native-contacts:copyReleaseJniLibsProjectOnly UP-TO-DATE
> Task :react-native-firebase_analytics:preReleaseBuild UP-TO-DATE
> Task :react-native-firebase_analytics:mergeReleaseJniLibFolders UP-TO-DATE
> Task :react-native-firebase_analytics:mergeReleaseNativeLibs NO-SOURCE
> Task :react-native-firebase_analytics:copyReleaseJniLibsProjectOnly UP-TO-DATE
> Task :react-native-firebase_app:preReleaseBuild UP-TO-DATE
> Task :react-native-firebase_app:mergeReleaseJniLibFolders UP-TO-DATE
> Task :react-native-firebase_app:mergeReleaseNativeLibs NO-SOURCE
> Task :react-native-firebase_app:copyReleaseJniLibsProjectOnly UP-TO-DATE
> Task :react-native-firebase_auth:preReleaseBuild UP-TO-DATE
> Task :react-native-firebase_auth:mergeReleaseJniLibFolders UP-TO-DATE
> Task :react-native-firebase_auth:mergeReleaseNativeLibs NO-SOURCE
> Task :react-native-firebase_auth:copyReleaseJniLibsProjectOnly UP-TO-DATE
> Task :react-native-firebase_crashlytics:preReleaseBuild UP-TO-DATE
> Task :react-native-firebase_crashlytics:mergeReleaseJniLibFolders UP-TO-DATE
> Task :react-native-firebase_crashlytics:mergeReleaseNativeLibs NO-SOURCE
> Task :react-native-firebase_crashlytics:copyReleaseJniLibsProjectOnly UP-TO-DATE
> Task :react-native-firebase_database:preReleaseBuild UP-TO-DATE
> Task :react-native-firebase_database:mergeReleaseJniLibFolders UP-TO-DATE
> Task :react-native-firebase_database:mergeReleaseNativeLibs NO-SOURCE
> Task :react-native-firebase_database:copyReleaseJniLibsProjectOnly UP-TO-DATE
> Task :react-native-firebase_firestore:preReleaseBuild UP-TO-DATE
> Task :react-native-firebase_firestore:mergeReleaseJniLibFolders UP-TO-DATE
> Task :react-native-firebase_firestore:mergeReleaseNativeLibs NO-SOURCE
> Task :react-native-firebase_firestore:copyReleaseJniLibsProjectOnly UP-TO-DATE
> Task :react-native-firebase_messaging:preReleaseBuild UP-TO-DATE
> Task :react-native-firebase_messaging:mergeReleaseJniLibFolders UP-TO-DATE
> Task :react-native-firebase_messaging:mergeReleaseNativeLibs NO-SOURCE
> Task :react-native-firebase_messaging:copyReleaseJniLibsProjectOnly UP-TO-DATE
> Task :react-native-fs:preReleaseBuild UP-TO-DATE
> Task :react-native-fs:mergeReleaseJniLibFolders UP-TO-DATE
> Task :react-native-fs:mergeReleaseNativeLibs NO-SOURCE
> Task :react-native-fs:copyReleaseJniLibsProjectOnly UP-TO-DATE
> Task :react-native-gesture-handler:preReleaseBuild UP-TO-DATE
> Task :react-native-gesture-handler:configureCMakeRelWithDebInfo[arm64-v8a]
> Task :react-native-gesture-handler:buildCMakeRelWithDebInfo[arm64-v8a]
> Task :react-native-gesture-handler:configureCMakeRelWithDebInfo[armeabi-v7a]
> Task :react-native-gesture-handler:buildCMakeRelWithDebInfo[armeabi-v7a]
> Task :react-native-gesture-handler:configureCMakeRelWithDebInfo[x86]
> Task :react-native-gesture-handler:buildCMakeRelWithDebInfo[x86]
> Task :react-native-gesture-handler:configureCMakeRelWithDebInfo[x86_64]
> Task :react-native-gesture-handler:buildCMakeRelWithDebInfo[x86_64]
> Task :react-native-gesture-handler:mergeReleaseJniLibFolders UP-TO-DATE
> Task :react-native-gesture-handler:mergeReleaseNativeLibs UP-TO-DATE
> Task :react-native-gesture-handler:copyReleaseJniLibsProjectOnly UP-TO-DATE
> Task :react-native-get-random-values:preReleaseBuild UP-TO-DATE
> Task :react-native-get-random-values:mergeReleaseJniLibFolders UP-TO-DATE
> Task :react-native-get-random-values:mergeReleaseNativeLibs NO-SOURCE
> Task :react-native-get-random-values:copyReleaseJniLibsProjectOnly UP-TO-DATE
> Task :react-native-google-signin_google-signin:preReleaseBuild UP-TO-DATE
> Task :react-native-google-signin_google-signin:mergeReleaseJniLibFolders UP-TO-DATE
> Task :react-native-google-signin_google-signin:mergeReleaseNativeLibs NO-SOURCE
> Task :react-native-google-signin_google-signin:copyReleaseJniLibsProjectOnly UP-TO-DATE
> Task :react-native-html-to-pdf:preReleaseBuild UP-TO-DATE
> Task :react-native-html-to-pdf:mergeReleaseJniLibFolders UP-TO-DATE
> Task :react-native-html-to-pdf:mergeReleaseNativeLibs NO-SOURCE
> Task :react-native-html-to-pdf:copyReleaseJniLibsProjectOnly UP-TO-DATE
> Task :react-native-image-picker:preReleaseBuild UP-TO-DATE
> Task :react-native-image-picker:mergeReleaseJniLibFolders UP-TO-DATE
> Task :react-native-image-picker:mergeReleaseNativeLibs NO-SOURCE
> Task :react-native-image-picker:copyReleaseJniLibsProjectOnly UP-TO-DATE
> Task :react-native-keyboard-controller:preReleaseBuild UP-TO-DATE
> Task :react-native-keyboard-controller:mergeReleaseJniLibFolders UP-TO-DATE
> Task :react-native-keyboard-controller:mergeReleaseNativeLibs NO-SOURCE
> Task :react-native-keyboard-controller:copyReleaseJniLibsProjectOnly UP-TO-DATE
> Task :react-native-keychain:preReleaseBuild UP-TO-DATE
> Task :react-native-keychain:mergeReleaseJniLibFolders UP-TO-DATE
> Task :react-native-keychain:mergeReleaseNativeLibs NO-SOURCE
> Task :react-native-keychain:copyReleaseJniLibsProjectOnly UP-TO-DATE
> Task :react-native-linear-gradient:preReleaseBuild UP-TO-DATE
> Task :react-native-linear-gradient:mergeReleaseJniLibFolders UP-TO-DATE
> Task :react-native-linear-gradient:mergeReleaseNativeLibs NO-SOURCE
> Task :react-native-linear-gradient:copyReleaseJniLibsProjectOnly UP-TO-DATE
> Task :react-native-maps:preReleaseBuild UP-TO-DATE
> Task :react-native-maps:mergeReleaseJniLibFolders UP-TO-DATE
> Task :react-native-maps:mergeReleaseNativeLibs NO-SOURCE
> Task :react-native-maps:copyReleaseJniLibsProjectOnly UP-TO-DATE
> Task :react-native-masked-view_masked-view:preReleaseBuild UP-TO-DATE
> Task :react-native-masked-view_masked-view:mergeReleaseJniLibFolders UP-TO-DATE
> Task :react-native-masked-view_masked-view:mergeReleaseNativeLibs NO-SOURCE
> Task :react-native-masked-view_masked-view:copyReleaseJniLibsProjectOnly UP-TO-DATE
> Task :react-native-pager-view:preReleaseBuild UP-TO-DATE
> Task :react-native-pager-view:mergeReleaseJniLibFolders UP-TO-DATE
> Task :react-native-pager-view:mergeReleaseNativeLibs NO-SOURCE
> Task :react-native-pager-view:copyReleaseJniLibsProjectOnly UP-TO-DATE
> Task :react-native-razorpay:preReleaseBuild UP-TO-DATE
> Task :react-native-razorpay:mergeReleaseJniLibFolders UP-TO-DATE
> Task :react-native-razorpay:mergeReleaseNativeLibs NO-SOURCE
> Task :react-native-razorpay:copyReleaseJniLibsProjectOnly UP-TO-DATE
> Task :react-native-reanimated:mergeReleaseJniLibFolders UP-TO-DATE
> Task :react-native-reanimated:mergeReleaseNativeLibs UP-TO-DATE
> Task :react-native-reanimated:copyReleaseJniLibsProjectOnly UP-TO-DATE
> Task :react-native-safe-area-context:preReleaseBuild UP-TO-DATE
> Task :react-native-safe-area-context:mergeReleaseJniLibFolders UP-TO-DATE
> Task :react-native-safe-area-context:mergeReleaseNativeLibs NO-SOURCE
> Task :react-native-safe-area-context:copyReleaseJniLibsProjectOnly UP-TO-DATE
> Task :react-native-screens:preReleaseBuild UP-TO-DATE
> Task :react-native-screens:configureCMakeRelWithDebInfo[arm64-v8a]
> Task :react-native-screens:buildCMakeRelWithDebInfo[arm64-v8a]
> Task :react-native-screens:configureCMakeRelWithDebInfo[armeabi-v7a]
> Task :react-native-screens:buildCMakeRelWithDebInfo[armeabi-v7a]
> Task :react-native-screens:configureCMakeRelWithDebInfo[x86]
> Task :react-native-screens:buildCMakeRelWithDebInfo[x86]
> Task :react-native-screens:configureCMakeRelWithDebInfo[x86_64]
> Task :react-native-screens:buildCMakeRelWithDebInfo[x86_64]
> Task :react-native-screens:mergeReleaseJniLibFolders UP-TO-DATE
> Task :react-native-screens:mergeReleaseNativeLibs UP-TO-DATE
> Task :react-native-screens:copyReleaseJniLibsProjectOnly UP-TO-DATE
> Task :react-native-sqlite-storage:preReleaseBuild UP-TO-DATE
> Task :react-native-sqlite-storage:mergeReleaseJniLibFolders UP-TO-DATE
> Task :react-native-sqlite-storage:mergeReleaseNativeLibs NO-SOURCE
> Task :react-native-sqlite-storage:copyReleaseJniLibsProjectOnly UP-TO-DATE
> Task :react-native-svg:preReleaseBuild UP-TO-DATE
> Task :react-native-svg:mergeReleaseJniLibFolders UP-TO-DATE
> Task :react-native-svg:mergeReleaseNativeLibs NO-SOURCE
> Task :react-native-svg:copyReleaseJniLibsProjectOnly UP-TO-DATE
> Task :react-native-vector-icons_material-design-icons:preReleaseBuild UP-TO-DATE
> Task :react-native-vector-icons_material-design-icons:mergeReleaseJniLibFolders UP-TO-DATE
> Task :react-native-vector-icons_material-design-icons:mergeReleaseNativeLibs NO-SOURCE
> Task :react-native-vector-icons_material-design-icons:copyReleaseJniLibsProjectOnly UP-TO-DATE
> Task :react-native-video:preReleaseBuild UP-TO-DATE
> Task :react-native-video:mergeReleaseJniLibFolders UP-TO-DATE
> Task :react-native-video:mergeReleaseNativeLibs NO-SOURCE
> Task :react-native-video:copyReleaseJniLibsProjectOnly UP-TO-DATE
> Task :app:mergeReleaseNativeLibs UP-TO-DATE
> Task :app:stripReleaseDebugSymbols UP-TO-DATE
> Task :app:extractReleaseNativeSymbolTables UP-TO-DATE
> Task :app:mergeReleaseNativeDebugMetadata UP-TO-DATE
> Task :react-native-async-storage_async-storage:checkKotlinGradlePluginConfigurationErrors SKIPPED
> Task :react-native-async-storage_async-storage:generateReleaseBuildConfig UP-TO-DATE
> Task :react-native-async-storage_async-storage:generateReleaseResValues UP-TO-DATE
> Task :react-native-async-storage_async-storage:generateReleaseResources UP-TO-DATE
> Task :react-native-async-storage_async-storage:packageReleaseResources UP-TO-DATE
> Task :react-native-async-storage_async-storage:parseReleaseLocalResources UP-TO-DATE
> Task :react-native-async-storage_async-storage:generateReleaseRFile UP-TO-DATE
> Task :react-native-async-storage_async-storage:kspReleaseKotlin UP-TO-DATE
> Task :react-native-async-storage_async-storage:compileReleaseKotlin UP-TO-DATE
> Task :react-native-async-storage_async-storage:javaPreCompileRelease UP-TO-DATE
> Task :react-native-async-storage_async-storage:compileReleaseJavaWithJavac UP-TO-DATE
> Task :react-native-async-storage_async-storage:bundleLibRuntimeToDirRelease UP-TO-DATE
> Task :react-native-google-signin_google-signin:checkKotlinGradlePluginConfigurationErrors SKIPPED
> Task :react-native-google-signin_google-signin:generateReleaseBuildConfig UP-TO-DATE
> Task :react-native-google-signin_google-signin:generateReleaseResValues UP-TO-DATE
> Task :react-native-google-signin_google-signin:generateReleaseResources UP-TO-DATE
> Task :react-native-google-signin_google-signin:packageReleaseResources UP-TO-DATE
> Task :react-native-google-signin_google-signin:parseReleaseLocalResources UP-TO-DATE
> Task :react-native-google-signin_google-signin:generateReleaseRFile UP-TO-DATE
> Task :react-native-google-signin_google-signin:compileReleaseKotlin UP-TO-DATE
> Task :react-native-google-signin_google-signin:javaPreCompileRelease UP-TO-DATE
> Task :react-native-google-signin_google-signin:compileReleaseJavaWithJavac UP-TO-DATE
> Task :react-native-google-signin_google-signin:bundleLibRuntimeToDirRelease UP-TO-DATE
> Task :react-native-vector-icons_material-design-icons:checkKotlinGradlePluginConfigurationErrors SKIPPED
> Task :react-native-vector-icons_material-design-icons:generateReleaseBuildConfig UP-TO-DATE
> Task :react-native-vector-icons_material-design-icons:generateReleaseResValues UP-TO-DATE
> Task :react-native-vector-icons_material-design-icons:generateReleaseResources UP-TO-DATE
> Task :react-native-vector-icons_material-design-icons:packageReleaseResources UP-TO-DATE
> Task :react-native-vector-icons_material-design-icons:parseReleaseLocalResources UP-TO-DATE
> Task :react-native-vector-icons_material-design-icons:generateReleaseRFile UP-TO-DATE
> Task :react-native-vector-icons_material-design-icons:compileReleaseKotlin UP-TO-DATE
> Task :react-native-vector-icons_material-design-icons:javaPreCompileRelease UP-TO-DATE
> Task :react-native-vector-icons_material-design-icons:compileReleaseJavaWithJavac UP-TO-DATE
> Task :react-native-vector-icons_material-design-icons:bundleLibRuntimeToDirRelease UP-TO-DATE
> Task :react-native-gesture-handler:checkKotlinGradlePluginConfigurationErrors SKIPPED
> Task :react-native-gesture-handler:generateReleaseBuildConfig UP-TO-DATE
> Task :react-native-gesture-handler:generateReleaseResValues UP-TO-DATE
> Task :react-native-gesture-handler:generateReleaseResources UP-TO-DATE
> Task :react-native-gesture-handler:packageReleaseResources UP-TO-DATE
> Task :react-native-gesture-handler:parseReleaseLocalResources UP-TO-DATE
> Task :react-native-gesture-handler:generateReleaseRFile UP-TO-DATE
> Task :react-native-reanimated:checkKotlinGradlePluginConfigurationErrors SKIPPED
> Task :react-native-reanimated:generateReleaseBuildConfig UP-TO-DATE
> Task :react-native-reanimated:generateReleaseResValues UP-TO-DATE
> Task :react-native-reanimated:generateReleaseResources UP-TO-DATE
> Task :react-native-reanimated:packageReleaseResources UP-TO-DATE
> Task :react-native-reanimated:parseReleaseLocalResources UP-TO-DATE
> Task :react-native-reanimated:generateReleaseRFile UP-TO-DATE
> Task :react-native-worklets:checkKotlinGradlePluginConfigurationErrors SKIPPED
> Task :react-native-worklets:generateReleaseBuildConfig UP-TO-DATE
> Task :react-native-worklets:generateReleaseResValues UP-TO-DATE
> Task :react-native-worklets:generateReleaseResources UP-TO-DATE
> Task :react-native-worklets:packageReleaseResources UP-TO-DATE
> Task :react-native-worklets:parseReleaseLocalResources UP-TO-DATE
> Task :react-native-worklets:generateReleaseRFile UP-TO-DATE
> Task :react-native-worklets:compileReleaseKotlin UP-TO-DATE
> Task :react-native-worklets:javaPreCompileRelease UP-TO-DATE
> Task :react-native-worklets:compileReleaseJavaWithJavac UP-TO-DATE
> Task :react-native-worklets:bundleLibCompileToJarRelease UP-TO-DATE
> Task :react-native-reanimated:compileReleaseKotlin UP-TO-DATE
> Task :react-native-reanimated:javaPreCompileRelease UP-TO-DATE
> Task :react-native-reanimated:compileReleaseJavaWithJavac UP-TO-DATE
> Task :react-native-reanimated:bundleLibCompileToJarRelease UP-TO-DATE
> Task :react-native-svg:generateReleaseBuildConfig UP-TO-DATE
> Task :react-native-svg:generateReleaseResValues UP-TO-DATE
> Task :react-native-svg:generateReleaseResources UP-TO-DATE
> Task :react-native-svg:packageReleaseResources UP-TO-DATE
> Task :react-native-svg:parseReleaseLocalResources UP-TO-DATE
> Task :react-native-svg:generateReleaseRFile UP-TO-DATE
> Task :react-native-svg:javaPreCompileRelease UP-TO-DATE
> Task :react-native-svg:compileReleaseJavaWithJavac UP-TO-DATE
> Task :react-native-svg:bundleLibCompileToJarRelease UP-TO-DATE
> Task :react-native-gesture-handler:compileReleaseKotlin UP-TO-DATE
> Task :react-native-gesture-handler:javaPreCompileRelease UP-TO-DATE
> Task :react-native-gesture-handler:compileReleaseJavaWithJavac UP-TO-DATE
> Task :react-native-gesture-handler:bundleLibRuntimeToDirRelease UP-TO-DATE
> Task :react-native-html-to-pdf:checkKotlinGradlePluginConfigurationErrors SKIPPED
> Task :react-native-html-to-pdf:generateReleaseBuildConfig UP-TO-DATE
> Task :react-native-html-to-pdf:generateReleaseResValues UP-TO-DATE
> Task :react-native-html-to-pdf:generateReleaseResources UP-TO-DATE
> Task :react-native-html-to-pdf:packageReleaseResources UP-TO-DATE
> Task :react-native-html-to-pdf:parseReleaseLocalResources UP-TO-DATE
> Task :react-native-html-to-pdf:generateReleaseRFile UP-TO-DATE
> Task :react-native-html-to-pdf:compileReleaseKotlin UP-TO-DATE
> Task :react-native-html-to-pdf:javaPreCompileRelease UP-TO-DATE
> Task :react-native-html-to-pdf:compileReleaseJavaWithJavac UP-TO-DATE
> Task :react-native-html-to-pdf:bundleLibRuntimeToDirRelease UP-TO-DATE
> Task :react-native-keyboard-controller:checkKotlinGradlePluginConfigurationErrors SKIPPED
> Task :react-native-keyboard-controller:generateReleaseBuildConfig UP-TO-DATE
> Task :react-native-keyboard-controller:generateReleaseResValues UP-TO-DATE
> Task :react-native-keyboard-controller:generateReleaseResources UP-TO-DATE
> Task :react-native-keyboard-controller:packageReleaseResources UP-TO-DATE
> Task :react-native-keyboard-controller:parseReleaseLocalResources UP-TO-DATE
> Task :react-native-keyboard-controller:generateReleaseRFile UP-TO-DATE
> Task :react-native-keyboard-controller:compileReleaseKotlin UP-TO-DATE
> Task :react-native-keyboard-controller:javaPreCompileRelease UP-TO-DATE
> Task :react-native-keyboard-controller:compileReleaseJavaWithJavac UP-TO-DATE
> Task :react-native-keyboard-controller:bundleLibRuntimeToDirRelease UP-TO-DATE
> Task :react-native-keychain:checkKotlinGradlePluginConfigurationErrors SKIPPED
> Task :react-native-keychain:generateReleaseBuildConfig UP-TO-DATE
> Task :react-native-keychain:generateReleaseResValues UP-TO-DATE
> Task :react-native-keychain:generateReleaseResources UP-TO-DATE
> Task :react-native-keychain:packageReleaseResources UP-TO-DATE
> Task :react-native-keychain:parseReleaseLocalResources UP-TO-DATE
> Task :react-native-keychain:generateReleaseRFile UP-TO-DATE
> Task :react-native-keychain:compileReleaseKotlin UP-TO-DATE
> Task :react-native-keychain:javaPreCompileRelease UP-TO-DATE
> Task :react-native-keychain:compileReleaseJavaWithJavac UP-TO-DATE
> Task :react-native-keychain:bundleLibRuntimeToDirRelease UP-TO-DATE
> Task :react-native-maps:checkKotlinGradlePluginConfigurationErrors SKIPPED
> Task :react-native-maps:generateReleaseBuildConfig UP-TO-DATE
> Task :react-native-maps:generateReleaseResValues UP-TO-DATE
> Task :react-native-maps:generateReleaseResources UP-TO-DATE
> Task :react-native-maps:packageReleaseResources UP-TO-DATE
> Task :react-native-maps:parseReleaseLocalResources UP-TO-DATE
> Task :react-native-maps:generateReleaseRFile UP-TO-DATE
> Task :react-native-maps:compileReleaseKotlin NO-SOURCE
> Task :react-native-maps:javaPreCompileRelease UP-TO-DATE
> Task :react-native-maps:compileReleaseJavaWithJavac UP-TO-DATE
> Task :react-native-maps:bundleLibRuntimeToDirRelease UP-TO-DATE
> Task :react-native-pager-view:checkKotlinGradlePluginConfigurationErrors SKIPPED
> Task :react-native-pager-view:generateReleaseBuildConfig UP-TO-DATE
> Task :react-native-pager-view:generateReleaseResValues UP-TO-DATE
> Task :react-native-pager-view:generateReleaseResources UP-TO-DATE
> Task :react-native-pager-view:packageReleaseResources UP-TO-DATE
> Task :react-native-pager-view:parseReleaseLocalResources UP-TO-DATE
> Task :react-native-pager-view:generateReleaseRFile UP-TO-DATE
> Task :react-native-pager-view:compileReleaseKotlin UP-TO-DATE
> Task :react-native-pager-view:javaPreCompileRelease UP-TO-DATE
> Task :react-native-pager-view:compileReleaseJavaWithJavac UP-TO-DATE
> Task :react-native-pager-view:bundleLibRuntimeToDirRelease UP-TO-DATE
> Task :react-native-reanimated:bundleLibRuntimeToDirRelease UP-TO-DATE
> Task :react-native-safe-area-context:checkKotlinGradlePluginConfigurationErrors SKIPPED
> Task :react-native-safe-area-context:generateReleaseBuildConfig UP-TO-DATE
> Task :react-native-safe-area-context:generateReleaseResValues UP-TO-DATE
> Task :react-native-safe-area-context:generateReleaseResources UP-TO-DATE
> Task :react-native-safe-area-context:packageReleaseResources UP-TO-DATE
> Task :react-native-safe-area-context:parseReleaseLocalResources UP-TO-DATE
> Task :react-native-safe-area-context:generateReleaseRFile UP-TO-DATE
> Task :react-native-safe-area-context:compileReleaseKotlin UP-TO-DATE
> Task :react-native-safe-area-context:javaPreCompileRelease UP-TO-DATE
> Task :react-native-safe-area-context:compileReleaseJavaWithJavac UP-TO-DATE
> Task :react-native-safe-area-context:bundleLibRuntimeToDirRelease UP-TO-DATE
> Task :react-native-screens:checkKotlinGradlePluginConfigurationErrors SKIPPED
> Task :react-native-screens:generateReleaseBuildConfig UP-TO-DATE
> Task :react-native-screens:generateReleaseResValues UP-TO-DATE
> Task :react-native-screens:generateReleaseResources UP-TO-DATE
> Task :react-native-screens:packageReleaseResources UP-TO-DATE
> Task :react-native-screens:parseReleaseLocalResources UP-TO-DATE
> Task :react-native-screens:generateReleaseRFile UP-TO-DATE
> Task :react-native-screens:compileReleaseKotlin UP-TO-DATE
> Task :react-native-screens:javaPreCompileRelease UP-TO-DATE
> Task :react-native-screens:compileReleaseJavaWithJavac UP-TO-DATE
> Task :react-native-screens:bundleLibRuntimeToDirRelease UP-TO-DATE
> Task :react-native-video:checkKotlinGradlePluginConfigurationErrors SKIPPED
> Task :react-native-video:generateReleaseBuildConfig UP-TO-DATE
> Task :react-native-video:generateReleaseResValues UP-TO-DATE
> Task :react-native-video:generateReleaseResources UP-TO-DATE
> Task :react-native-video:packageReleaseResources UP-TO-DATE
> Task :react-native-video:parseReleaseLocalResources UP-TO-DATE
> Task :react-native-video:generateReleaseRFile UP-TO-DATE
> Task :react-native-video:compileReleaseKotlin UP-TO-DATE
> Task :react-native-video:javaPreCompileRelease UP-TO-DATE
> Task :react-native-video:compileReleaseJavaWithJavac UP-TO-DATE
> Task :react-native-video:bundleLibRuntimeToDirRelease UP-TO-DATE
> Task :react-native-worklets:bundleLibRuntimeToDirRelease UP-TO-DATE
> Task :notifee_react-native:generateReleaseBuildConfig UP-TO-DATE
> Task :notifee_react-native:generateReleaseResValues UP-TO-DATE
> Task :notifee_react-native:generateReleaseResources UP-TO-DATE
> Task :notifee_react-native:packageReleaseResources UP-TO-DATE
> Task :notifee_react-native:parseReleaseLocalResources UP-TO-DATE
> Task :notifee_react-native:generateReleaseRFile UP-TO-DATE
> Task :notifee_react-native:javaPreCompileRelease UP-TO-DATE
> Task :notifee_react-native:compileReleaseJavaWithJavac UP-TO-DATE
> Task :notifee_react-native:bundleLibRuntimeToDirRelease UP-TO-DATE
> Task :react-native-community_geolocation:generateReleaseBuildConfig UP-TO-DATE
> Task :react-native-community_geolocation:generateReleaseResValues UP-TO-DATE
> Task :react-native-community_geolocation:generateReleaseResources UP-TO-DATE
> Task :react-native-community_geolocation:packageReleaseResources UP-TO-DATE
> Task :react-native-community_geolocation:parseReleaseLocalResources UP-TO-DATE
> Task :react-native-community_geolocation:generateReleaseRFile UP-TO-DATE
> Task :react-native-community_geolocation:javaPreCompileRelease UP-TO-DATE
> Task :react-native-community_geolocation:compileReleaseJavaWithJavac UP-TO-DATE
> Task :react-native-community_geolocation:bundleLibRuntimeToDirRelease UP-TO-DATE
> Task :react-native-community_netinfo:generateReleaseBuildConfig UP-TO-DATE
> Task :react-native-community_netinfo:generateReleaseResValues UP-TO-DATE
> Task :react-native-community_netinfo:generateReleaseResources UP-TO-DATE
> Task :react-native-community_netinfo:packageReleaseResources UP-TO-DATE
> Task :react-native-community_netinfo:parseReleaseLocalResources UP-TO-DATE
> Task :react-native-community_netinfo:generateReleaseRFile UP-TO-DATE
> Task :react-native-community_netinfo:javaPreCompileRelease UP-TO-DATE
> Task :react-native-community_netinfo:compileReleaseJavaWithJavac UP-TO-DATE
> Task :react-native-community_netinfo:bundleLibRuntimeToDirRelease UP-TO-DATE
> Task :react-native-firebase_analytics:generateReleaseBuildConfig UP-TO-DATE
> Task :react-native-firebase_analytics:generateReleaseResValues UP-TO-DATE
> Task :react-native-firebase_analytics:generateReleaseResources UP-TO-DATE
> Task :react-native-firebase_analytics:packageReleaseResources UP-TO-DATE
> Task :react-native-firebase_analytics:parseReleaseLocalResources UP-TO-DATE
> Task :react-native-firebase_analytics:generateReleaseRFile UP-TO-DATE
> Task :react-native-firebase_analytics:javaPreCompileRelease UP-TO-DATE
> Task :react-native-firebase_app:generateReleaseBuildConfig UP-TO-DATE
> Task :react-native-firebase_app:generateReleaseResValues UP-TO-DATE
> Task :react-native-firebase_app:generateReleaseResources UP-TO-DATE
> Task :react-native-firebase_app:packageReleaseResources UP-TO-DATE
> Task :react-native-firebase_app:parseReleaseLocalResources UP-TO-DATE
> Task :react-native-firebase_app:generateReleaseRFile UP-TO-DATE
> Task :react-native-firebase_app:javaPreCompileRelease UP-TO-DATE
> Task :react-native-firebase_app:compileReleaseJavaWithJavac UP-TO-DATE
> Task :react-native-firebase_app:bundleLibCompileToJarRelease UP-TO-DATE
> Task :react-native-firebase_analytics:compileReleaseJavaWithJavac UP-TO-DATE
> Task :react-native-firebase_analytics:bundleLibRuntimeToDirRelease UP-TO-DATE
> Task :react-native-firebase_auth:generateReleaseBuildConfig UP-TO-DATE
> Task :react-native-firebase_auth:generateReleaseResValues UP-TO-DATE
> Task :react-native-firebase_auth:generateReleaseResources UP-TO-DATE
> Task :react-native-firebase_auth:packageReleaseResources UP-TO-DATE
> Task :react-native-firebase_auth:parseReleaseLocalResources UP-TO-DATE
> Task :react-native-firebase_auth:generateReleaseRFile UP-TO-DATE
> Task :react-native-firebase_auth:javaPreCompileRelease UP-TO-DATE
> Task :react-native-firebase_auth:compileReleaseJavaWithJavac UP-TO-DATE
> Task :react-native-firebase_auth:bundleLibRuntimeToDirRelease UP-TO-DATE
> Task :react-native-firebase_crashlytics:generateReleaseBuildConfig UP-TO-DATE
> Task :react-native-firebase_crashlytics:generateReleaseResValues UP-TO-DATE
> Task :react-native-firebase_crashlytics:generateReleaseResources UP-TO-DATE
> Task :react-native-firebase_crashlytics:packageReleaseResources UP-TO-DATE
> Task :react-native-firebase_crashlytics:parseReleaseLocalResources UP-TO-DATE
> Task :react-native-firebase_crashlytics:generateReleaseRFile UP-TO-DATE
> Task :react-native-firebase_crashlytics:javaPreCompileRelease UP-TO-DATE
> Task :react-native-firebase_crashlytics:compileReleaseJavaWithJavac UP-TO-DATE
> Task :react-native-firebase_crashlytics:bundleLibRuntimeToDirRelease UP-TO-DATE
> Task :react-native-firebase_database:generateReleaseBuildConfig UP-TO-DATE
> Task :react-native-firebase_database:generateReleaseResValues UP-TO-DATE
> Task :react-native-firebase_database:generateReleaseResources UP-TO-DATE
> Task :react-native-firebase_database:packageReleaseResources UP-TO-DATE
> Task :react-native-firebase_database:parseReleaseLocalResources UP-TO-DATE
> Task :react-native-firebase_database:generateReleaseRFile UP-TO-DATE
> Task :react-native-firebase_database:javaPreCompileRelease UP-TO-DATE
> Task :react-native-firebase_database:compileReleaseJavaWithJavac UP-TO-DATE
> Task :react-native-firebase_database:bundleLibRuntimeToDirRelease UP-TO-DATE
> Task :react-native-firebase_firestore:generateReleaseBuildConfig UP-TO-DATE
> Task :react-native-firebase_firestore:generateReleaseResValues UP-TO-DATE
> Task :react-native-firebase_firestore:generateReleaseResources UP-TO-DATE
> Task :react-native-firebase_firestore:packageReleaseResources UP-TO-DATE
> Task :react-native-firebase_firestore:parseReleaseLocalResources UP-TO-DATE
> Task :react-native-firebase_firestore:generateReleaseRFile UP-TO-DATE
> Task :react-native-firebase_firestore:javaPreCompileRelease UP-TO-DATE
> Task :react-native-firebase_firestore:compileReleaseJavaWithJavac UP-TO-DATE
> Task :react-native-firebase_firestore:bundleLibRuntimeToDirRelease UP-TO-DATE
> Task :react-native-firebase_messaging:generateReleaseBuildConfig UP-TO-DATE
> Task :react-native-firebase_messaging:generateReleaseResValues UP-TO-DATE
> Task :react-native-firebase_messaging:generateReleaseResources UP-TO-DATE
> Task :react-native-firebase_messaging:packageReleaseResources UP-TO-DATE
> Task :react-native-firebase_messaging:parseReleaseLocalResources UP-TO-DATE
> Task :react-native-firebase_messaging:generateReleaseRFile UP-TO-DATE
> Task :react-native-firebase_messaging:javaPreCompileRelease UP-TO-DATE
> Task :react-native-firebase_messaging:compileReleaseJavaWithJavac UP-TO-DATE
> Task :react-native-firebase_messaging:bundleLibRuntimeToDirRelease UP-TO-DATE
> Task :react-native-firebase_app:bundleLibRuntimeToDirRelease UP-TO-DATE
> Task :react-native-masked-view_masked-view:generateReleaseBuildConfig UP-TO-DATE
> Task :react-native-masked-view_masked-view:generateReleaseResValues UP-TO-DATE
> Task :react-native-masked-view_masked-view:generateReleaseResources UP-TO-DATE
> Task :react-native-masked-view_masked-view:packageReleaseResources UP-TO-DATE
> Task :react-native-masked-view_masked-view:parseReleaseLocalResources UP-TO-DATE
> Task :react-native-masked-view_masked-view:generateReleaseRFile UP-TO-DATE
> Task :react-native-masked-view_masked-view:javaPreCompileRelease UP-TO-DATE
> Task :react-native-masked-view_masked-view:compileReleaseJavaWithJavac UP-TO-DATE
> Task :react-native-masked-view_masked-view:bundleLibRuntimeToDirRelease UP-TO-DATE
> Task :react-native-contacts:generateReleaseBuildConfig UP-TO-DATE
> Task :react-native-contacts:generateReleaseResValues UP-TO-DATE
> Task :react-native-contacts:generateReleaseResources UP-TO-DATE
> Task :react-native-contacts:packageReleaseResources UP-TO-DATE
> Task :react-native-contacts:parseReleaseLocalResources UP-TO-DATE
> Task :react-native-contacts:generateReleaseRFile UP-TO-DATE
> Task :react-native-contacts:javaPreCompileRelease UP-TO-DATE
> Task :react-native-contacts:compileReleaseJavaWithJavac UP-TO-DATE
> Task :react-native-contacts:bundleLibRuntimeToDirRelease UP-TO-DATE
> Task :react-native-fs:generateReleaseBuildConfig UP-TO-DATE
> Task :react-native-fs:generateReleaseResValues UP-TO-DATE
> Task :react-native-fs:generateReleaseResources UP-TO-DATE
> Task :react-native-fs:packageReleaseResources UP-TO-DATE
> Task :react-native-fs:parseReleaseLocalResources UP-TO-DATE
> Task :react-native-fs:generateReleaseRFile UP-TO-DATE
> Task :react-native-fs:javaPreCompileRelease UP-TO-DATE
> Task :react-native-fs:compileReleaseJavaWithJavac UP-TO-DATE
> Task :react-native-fs:bundleLibRuntimeToDirRelease UP-TO-DATE
> Task :react-native-get-random-values:generateReleaseBuildConfig UP-TO-DATE
> Task :react-native-get-random-values:generateReleaseResValues UP-TO-DATE
> Task :react-native-get-random-values:generateReleaseResources UP-TO-DATE
> Task :react-native-get-random-values:packageReleaseResources UP-TO-DATE
> Task :react-native-get-random-values:parseReleaseLocalResources UP-TO-DATE
> Task :react-native-get-random-values:generateReleaseRFile UP-TO-DATE
> Task :react-native-get-random-values:javaPreCompileRelease UP-TO-DATE
> Task :react-native-get-random-values:compileReleaseJavaWithJavac UP-TO-DATE
> Task :react-native-get-random-values:bundleLibRuntimeToDirRelease UP-TO-DATE
> Task :react-native-image-picker:generateReleaseBuildConfig UP-TO-DATE
> Task :react-native-image-picker:generateReleaseResValues UP-TO-DATE
> Task :react-native-image-picker:generateReleaseResources UP-TO-DATE
> Task :react-native-image-picker:packageReleaseResources UP-TO-DATE
> Task :react-native-image-picker:parseReleaseLocalResources UP-TO-DATE
> Task :react-native-image-picker:generateReleaseRFile UP-TO-DATE
> Task :react-native-image-picker:javaPreCompileRelease UP-TO-DATE
> Task :react-native-image-picker:compileReleaseJavaWithJavac UP-TO-DATE
> Task :react-native-image-picker:bundleLibRuntimeToDirRelease UP-TO-DATE
> Task :react-native-linear-gradient:generateReleaseBuildConfig UP-TO-DATE
> Task :react-native-linear-gradient:generateReleaseResValues UP-TO-DATE
> Task :react-native-linear-gradient:generateReleaseResources UP-TO-DATE
> Task :react-native-linear-gradient:packageReleaseResources UP-TO-DATE
> Task :react-native-linear-gradient:parseReleaseLocalResources UP-TO-DATE
> Task :react-native-linear-gradient:generateReleaseRFile UP-TO-DATE
> Task :react-native-linear-gradient:javaPreCompileRelease UP-TO-DATE
> Task :react-native-linear-gradient:compileReleaseJavaWithJavac UP-TO-DATE
> Task :react-native-linear-gradient:bundleLibRuntimeToDirRelease UP-TO-DATE
> Task :react-native-razorpay:generateReleaseBuildConfig UP-TO-DATE
> Task :react-native-razorpay:generateReleaseResValues UP-TO-DATE
> Task :react-native-razorpay:generateReleaseResources UP-TO-DATE
> Task :react-native-razorpay:packageReleaseResources UP-TO-DATE
> Task :react-native-razorpay:parseReleaseLocalResources UP-TO-DATE
> Task :react-native-razorpay:generateReleaseRFile UP-TO-DATE
> Task :react-native-razorpay:javaPreCompileRelease UP-TO-DATE
> Task :react-native-razorpay:compileReleaseJavaWithJavac UP-TO-DATE
> Task :react-native-razorpay:bundleLibRuntimeToDirRelease UP-TO-DATE
> Task :react-native-sqlite-storage:generateReleaseBuildConfig UP-TO-DATE
> Task :react-native-sqlite-storage:generateReleaseResValues UP-TO-DATE
> Task :react-native-sqlite-storage:generateReleaseResources UP-TO-DATE
> Task :react-native-sqlite-storage:packageReleaseResources UP-TO-DATE
> Task :react-native-sqlite-storage:parseReleaseLocalResources UP-TO-DATE
> Task :react-native-sqlite-storage:generateReleaseRFile UP-TO-DATE
> Task :react-native-sqlite-storage:javaPreCompileRelease UP-TO-DATE
> Task :react-native-sqlite-storage:compileReleaseJavaWithJavac UP-TO-DATE
> Task :react-native-sqlite-storage:bundleLibRuntimeToDirRelease UP-TO-DATE
> Task :react-native-svg:bundleLibRuntimeToDirRelease UP-TO-DATE
> Task :app:checkReleaseDuplicateClasses UP-TO-DATE
> Task :app:buildKotlinToolingMetadata UP-TO-DATE
> Task :app:checkKotlinGradlePluginConfigurationErrors SKIPPED
> Task :app:generateReleaseBuildConfig UP-TO-DATE
> Task :notifee_react-native:writeReleaseAarMetadata UP-TO-DATE
> Task :react-native-async-storage_async-storage:writeReleaseAarMetadata UP-TO-DATE
> Task :react-native-community_geolocation:writeReleaseAarMetadata UP-TO-DATE
> Task :react-native-community_netinfo:writeReleaseAarMetadata UP-TO-DATE
> Task :react-native-contacts:writeReleaseAarMetadata UP-TO-DATE
> Task :react-native-firebase_analytics:writeReleaseAarMetadata UP-TO-DATE
> Task :react-native-firebase_app:writeReleaseAarMetadata UP-TO-DATE
> Task :react-native-firebase_auth:writeReleaseAarMetadata UP-TO-DATE
> Task :react-native-firebase_crashlytics:writeReleaseAarMetadata UP-TO-DATE
> Task :react-native-firebase_database:writeReleaseAarMetadata UP-TO-DATE
> Task :react-native-firebase_firestore:writeReleaseAarMetadata UP-TO-DATE
> Task :react-native-firebase_messaging:writeReleaseAarMetadata UP-TO-DATE
> Task :react-native-fs:writeReleaseAarMetadata UP-TO-DATE
> Task :react-native-gesture-handler:writeReleaseAarMetadata UP-TO-DATE
> Task :react-native-get-random-values:writeReleaseAarMetadata UP-TO-DATE
> Task :react-native-google-signin_google-signin:writeReleaseAarMetadata UP-TO-DATE
> Task :react-native-html-to-pdf:writeReleaseAarMetadata UP-TO-DATE
> Task :react-native-image-picker:writeReleaseAarMetadata UP-TO-DATE
> Task :react-native-keyboard-controller:writeReleaseAarMetadata UP-TO-DATE
> Task :react-native-keychain:writeReleaseAarMetadata UP-TO-DATE
> Task :react-native-linear-gradient:writeReleaseAarMetadata UP-TO-DATE
> Task :react-native-maps:writeReleaseAarMetadata UP-TO-DATE
> Task :react-native-masked-view_masked-view:writeReleaseAarMetadata UP-TO-DATE
> Task :react-native-pager-view:writeReleaseAarMetadata UP-TO-DATE
> Task :react-native-razorpay:writeReleaseAarMetadata UP-TO-DATE
> Task :react-native-reanimated:writeReleaseAarMetadata UP-TO-DATE
> Task :react-native-safe-area-context:writeReleaseAarMetadata UP-TO-DATE
> Task :react-native-screens:writeReleaseAarMetadata UP-TO-DATE
> Task :react-native-sqlite-storage:writeReleaseAarMetadata UP-TO-DATE
> Task :react-native-svg:writeReleaseAarMetadata UP-TO-DATE
> Task :react-native-vector-icons_material-design-icons:writeReleaseAarMetadata UP-TO-DATE
> Task :react-native-video:writeReleaseAarMetadata UP-TO-DATE
> Task :react-native-worklets:writeReleaseAarMetadata UP-TO-DATE
> Task :app:checkReleaseAarMetadata UP-TO-DATE
> Task :app:createBundleReleaseJsAndAssets UP-TO-DATE
> Task :app:generateReleaseResValues UP-TO-DATE
> Task :app:injectCrashlyticsBuildIdsRelease UP-TO-DATE
> Task :app:injectCrashlyticsMappingFileIdRelease UP-TO-DATE
> Task :app:processReleaseGoogleServices UP-TO-DATE
> Task :app:mapReleaseSourceSetPaths UP-TO-DATE
> Task :app:generateReleaseResources UP-TO-DATE
> Task :app:mergeReleaseResources UP-TO-DATE
> Task :app:packageReleaseResources UP-TO-DATE
> Task :app:parseReleaseLocalResources UP-TO-DATE
> Task :app:createReleaseCompatibleScreenManifests UP-TO-DATE
> Task :app:extractDeepLinksRelease UP-TO-DATE
> Task :notifee_react-native:extractDeepLinksRelease UP-TO-DATE
> Task :notifee_react-native:processReleaseManifest UP-TO-DATE
> Task :react-native-async-storage_async-storage:extractDeepLinksRelease UP-TO-DATE
> Task :react-native-async-storage_async-storage:processReleaseManifest UP-TO-DATE
> Task :react-native-community_geolocation:extractDeepLinksRelease UP-TO-DATE
> Task :react-native-community_geolocation:processReleaseManifest UP-TO-DATE
> Task :react-native-community_netinfo:extractDeepLinksRelease UP-TO-DATE
> Task :react-native-community_netinfo:processReleaseManifest UP-TO-DATE
> Task :react-native-contacts:extractDeepLinksRelease UP-TO-DATE
> Task :react-native-contacts:processReleaseManifest UP-TO-DATE
> Task :react-native-firebase_analytics:extractDeepLinksRelease UP-TO-DATE
> Task :react-native-firebase_analytics:processReleaseManifest UP-TO-DATE
> Task :react-native-firebase_app:extractDeepLinksRelease UP-TO-DATE
> Task :react-native-firebase_app:processReleaseManifest UP-TO-DATE
> Task :react-native-firebase_auth:extractDeepLinksRelease UP-TO-DATE
> Task :react-native-firebase_auth:processReleaseManifest UP-TO-DATE
> Task :react-native-firebase_crashlytics:extractDeepLinksRelease UP-TO-DATE
> Task :react-native-firebase_crashlytics:processReleaseManifest UP-TO-DATE
> Task :react-native-firebase_database:extractDeepLinksRelease UP-TO-DATE
> Task :react-native-firebase_database:processReleaseManifest UP-TO-DATE
> Task :react-native-firebase_firestore:extractDeepLinksRelease UP-TO-DATE
> Task :react-native-firebase_firestore:processReleaseManifest UP-TO-DATE
> Task :react-native-firebase_messaging:extractDeepLinksRelease UP-TO-DATE
> Task :react-native-firebase_messaging:processReleaseManifest UP-TO-DATE
> Task :react-native-fs:extractDeepLinksRelease UP-TO-DATE
> Task :react-native-fs:processReleaseManifest UP-TO-DATE
> Task :react-native-gesture-handler:extractDeepLinksRelease UP-TO-DATE
> Task :react-native-gesture-handler:processReleaseManifest UP-TO-DATE
> Task :react-native-get-random-values:extractDeepLinksRelease UP-TO-DATE
> Task :react-native-get-random-values:processReleaseManifest UP-TO-DATE
> Task :react-native-google-signin_google-signin:extractDeepLinksRelease UP-TO-DATE
> Task :react-native-google-signin_google-signin:processReleaseManifest UP-TO-DATE
> Task :react-native-html-to-pdf:extractDeepLinksRelease UP-TO-DATE
> Task :react-native-html-to-pdf:processReleaseManifest UP-TO-DATE
> Task :react-native-image-picker:extractDeepLinksRelease UP-TO-DATE
> Task :react-native-image-picker:processReleaseManifest UP-TO-DATE
> Task :react-native-keyboard-controller:extractDeepLinksRelease UP-TO-DATE
> Task :react-native-keyboard-controller:processReleaseManifest UP-TO-DATE
> Task :react-native-keychain:extractDeepLinksRelease UP-TO-DATE
> Task :react-native-keychain:processReleaseManifest UP-TO-DATE
> Task :react-native-linear-gradient:extractDeepLinksRelease UP-TO-DATE
> Task :react-native-linear-gradient:processReleaseManifest UP-TO-DATE
> Task :react-native-maps:extractDeepLinksRelease UP-TO-DATE
> Task :react-native-maps:processReleaseManifest UP-TO-DATE
> Task :react-native-masked-view_masked-view:extractDeepLinksRelease UP-TO-DATE
> Task :react-native-masked-view_masked-view:processReleaseManifest UP-TO-DATE
> Task :react-native-pager-view:extractDeepLinksRelease UP-TO-DATE
> Task :react-native-pager-view:processReleaseManifest UP-TO-DATE
> Task :react-native-razorpay:extractDeepLinksRelease UP-TO-DATE
> Task :react-native-razorpay:processReleaseManifest UP-TO-DATE
> Task :react-native-reanimated:extractDeepLinksRelease UP-TO-DATE
> Task :react-native-reanimated:processReleaseManifest UP-TO-DATE
> Task :react-native-safe-area-context:extractDeepLinksRelease UP-TO-DATE
> Task :react-native-safe-area-context:processReleaseManifest UP-TO-DATE
> Task :react-native-screens:extractDeepLinksRelease UP-TO-DATE
> Task :react-native-screens:processReleaseManifest UP-TO-DATE
> Task :react-native-sqlite-storage:extractDeepLinksRelease UP-TO-DATE
> Task :react-native-sqlite-storage:processReleaseManifest UP-TO-DATE
> Task :react-native-svg:extractDeepLinksRelease UP-TO-DATE
> Task :react-native-svg:processReleaseManifest UP-TO-DATE
> Task :react-native-vector-icons_material-design-icons:extractDeepLinksRelease UP-TO-DATE
> Task :react-native-vector-icons_material-design-icons:processReleaseManifest UP-TO-DATE
> Task :react-native-video:extractDeepLinksRelease UP-TO-DATE
> Task :react-native-video:processReleaseManifest UP-TO-DATE
> Task :react-native-worklets:extractDeepLinksRelease UP-TO-DATE
> Task :react-native-worklets:processReleaseManifest UP-TO-DATE
> Task :app:processReleaseMainManifest UP-TO-DATE
> Task :app:processReleaseManifest UP-TO-DATE
> Task :app:processReleaseManifestForPackage UP-TO-DATE
> Task :notifee_react-native:compileReleaseLibraryResources UP-TO-DATE
> Task :react-native-async-storage_async-storage:compileReleaseLibraryResources UP-TO-DATE
> Task :react-native-community_geolocation:compileReleaseLibraryResources UP-TO-DATE
> Task :react-native-community_netinfo:compileReleaseLibraryResources UP-TO-DATE
> Task :react-native-contacts:compileReleaseLibraryResources UP-TO-DATE
> Task :react-native-firebase_analytics:compileReleaseLibraryResources UP-TO-DATE
> Task :react-native-firebase_app:compileReleaseLibraryResources UP-TO-DATE
> Task :react-native-firebase_auth:compileReleaseLibraryResources UP-TO-DATE
> Task :react-native-firebase_crashlytics:compileReleaseLibraryResources UP-TO-DATE
> Task :react-native-firebase_database:compileReleaseLibraryResources UP-TO-DATE
> Task :react-native-firebase_firestore:compileReleaseLibraryResources UP-TO-DATE
> Task :react-native-firebase_messaging:compileReleaseLibraryResources UP-TO-DATE
> Task :react-native-fs:compileReleaseLibraryResources UP-TO-DATE
> Task :react-native-gesture-handler:compileReleaseLibraryResources UP-TO-DATE
> Task :react-native-get-random-values:compileReleaseLibraryResources UP-TO-DATE
> Task :react-native-google-signin_google-signin:compileReleaseLibraryResources UP-TO-DATE
> Task :react-native-html-to-pdf:compileReleaseLibraryResources UP-TO-DATE
> Task :react-native-image-picker:compileReleaseLibraryResources UP-TO-DATE
> Task :react-native-keyboard-controller:compileReleaseLibraryResources UP-TO-DATE
> Task :react-native-keychain:compileReleaseLibraryResources UP-TO-DATE
> Task :react-native-linear-gradient:compileReleaseLibraryResources UP-TO-DATE
> Task :react-native-maps:compileReleaseLibraryResources UP-TO-DATE
> Task :react-native-masked-view_masked-view:compileReleaseLibraryResources UP-TO-DATE
> Task :react-native-pager-view:compileReleaseLibraryResources UP-TO-DATE
> Task :react-native-razorpay:compileReleaseLibraryResources UP-TO-DATE
> Task :react-native-reanimated:compileReleaseLibraryResources UP-TO-DATE
> Task :react-native-safe-area-context:compileReleaseLibraryResources UP-TO-DATE
> Task :react-native-screens:compileReleaseLibraryResources UP-TO-DATE
> Task :react-native-sqlite-storage:compileReleaseLibraryResources UP-TO-DATE
> Task :react-native-svg:compileReleaseLibraryResources UP-TO-DATE
> Task :react-native-vector-icons_material-design-icons:compileReleaseLibraryResources UP-TO-DATE
> Task :react-native-video:compileReleaseLibraryResources UP-TO-DATE
> Task :react-native-worklets:compileReleaseLibraryResources UP-TO-DATE
> Task :app:processReleaseResources UP-TO-DATE
> Task :notifee_react-native:bundleLibCompileToJarRelease UP-TO-DATE
> Task :react-native-async-storage_async-storage:bundleLibCompileToJarRelease UP-TO-DATE
> Task :react-native-community_geolocation:bundleLibCompileToJarRelease UP-TO-DATE
> Task :react-native-community_netinfo:bundleLibCompileToJarRelease UP-TO-DATE
> Task :react-native-contacts:bundleLibCompileToJarRelease UP-TO-DATE
> Task :react-native-firebase_analytics:bundleLibCompileToJarRelease UP-TO-DATE
> Task :react-native-firebase_auth:bundleLibCompileToJarRelease UP-TO-DATE
> Task :react-native-firebase_crashlytics:bundleLibCompileToJarRelease UP-TO-DATE
> Task :react-native-firebase_database:bundleLibCompileToJarRelease UP-TO-DATE
> Task :react-native-firebase_firestore:bundleLibCompileToJarRelease UP-TO-DATE
> Task :react-native-firebase_messaging:bundleLibCompileToJarRelease UP-TO-DATE
> Task :react-native-fs:bundleLibCompileToJarRelease UP-TO-DATE
> Task :react-native-gesture-handler:bundleLibCompileToJarRelease UP-TO-DATE
> Task :react-native-get-random-values:bundleLibCompileToJarRelease UP-TO-DATE
> Task :react-native-google-signin_google-signin:bundleLibCompileToJarRelease UP-TO-DATE
> Task :react-native-html-to-pdf:bundleLibCompileToJarRelease UP-TO-DATE
> Task :react-native-image-picker:bundleLibCompileToJarRelease UP-TO-DATE
> Task :react-native-keyboard-controller:bundleLibCompileToJarRelease UP-TO-DATE
> Task :react-native-keychain:bundleLibCompileToJarRelease UP-TO-DATE
> Task :react-native-linear-gradient:bundleLibCompileToJarRelease UP-TO-DATE
> Task :react-native-maps:bundleLibCompileToJarRelease UP-TO-DATE
> Task :react-native-masked-view_masked-view:bundleLibCompileToJarRelease UP-TO-DATE
> Task :react-native-pager-view:bundleLibCompileToJarRelease UP-TO-DATE
> Task :react-native-razorpay:bundleLibCompileToJarRelease UP-TO-DATE
> Task :react-native-safe-area-context:bundleLibCompileToJarRelease UP-TO-DATE
> Task :react-native-screens:bundleLibCompileToJarRelease UP-TO-DATE
> Task :react-native-sqlite-storage:bundleLibCompileToJarRelease UP-TO-DATE
> Task :react-native-vector-icons_material-design-icons:bundleLibCompileToJarRelease UP-TO-DATE
> Task :react-native-video:bundleLibCompileToJarRelease UP-TO-DATE
> Task :app:compileReleaseKotlin UP-TO-DATE
> Task :app:javaPreCompileRelease UP-TO-DATE
> Task :app:compileReleaseJavaWithJavac UP-TO-DATE
> Task :app:dexBuilderRelease UP-TO-DATE
> Task :app:desugarReleaseFileDependencies UP-TO-DATE
> Task :app:mergeReleaseStartupProfile UP-TO-DATE
> Task :app:mergeExtDexRelease UP-TO-DATE
> Task :app:mergeDexRelease UP-TO-DATE
> Task :notifee_react-native:prepareReleaseArtProfile UP-TO-DATE
> Task :react-native-async-storage_async-storage:prepareReleaseArtProfile UP-TO-DATE
> Task :react-native-community_geolocation:prepareReleaseArtProfile UP-TO-DATE
> Task :react-native-community_netinfo:prepareReleaseArtProfile UP-TO-DATE
> Task :react-native-contacts:prepareReleaseArtProfile UP-TO-DATE
> Task :react-native-firebase_analytics:prepareReleaseArtProfile UP-TO-DATE
> Task :react-native-firebase_app:prepareReleaseArtProfile UP-TO-DATE
> Task :react-native-firebase_auth:prepareReleaseArtProfile UP-TO-DATE
> Task :react-native-firebase_crashlytics:prepareReleaseArtProfile UP-TO-DATE
> Task :react-native-firebase_database:prepareReleaseArtProfile UP-TO-DATE
> Task :react-native-firebase_firestore:prepareReleaseArtProfile UP-TO-DATE
> Task :react-native-firebase_messaging:prepareReleaseArtProfile UP-TO-DATE
> Task :react-native-fs:prepareReleaseArtProfile UP-TO-DATE
> Task :react-native-gesture-handler:prepareReleaseArtProfile UP-TO-DATE
> Task :react-native-get-random-values:prepareReleaseArtProfile UP-TO-DATE
> Task :react-native-google-signin_google-signin:prepareReleaseArtProfile UP-TO-DATE
> Task :react-native-html-to-pdf:prepareReleaseArtProfile UP-TO-DATE
> Task :react-native-image-picker:prepareReleaseArtProfile UP-TO-DATE
> Task :react-native-keyboard-controller:prepareReleaseArtProfile UP-TO-DATE
> Task :react-native-keychain:prepareReleaseArtProfile UP-TO-DATE
> Task :react-native-linear-gradient:prepareReleaseArtProfile UP-TO-DATE
> Task :react-native-maps:prepareReleaseArtProfile UP-TO-DATE
> Task :react-native-masked-view_masked-view:prepareReleaseArtProfile UP-TO-DATE
> Task :react-native-pager-view:prepareReleaseArtProfile UP-TO-DATE
> Task :react-native-razorpay:prepareReleaseArtProfile UP-TO-DATE
> Task :react-native-reanimated:prepareReleaseArtProfile UP-TO-DATE
> Task :react-native-safe-area-context:prepareReleaseArtProfile UP-TO-DATE
> Task :react-native-screens:prepareReleaseArtProfile UP-TO-DATE
> Task :react-native-sqlite-storage:prepareReleaseArtProfile UP-TO-DATE
> Task :react-native-svg:prepareReleaseArtProfile UP-TO-DATE
> Task :react-native-vector-icons_material-design-icons:prepareReleaseArtProfile UP-TO-DATE
> Task :react-native-video:prepareReleaseArtProfile UP-TO-DATE
> Task :react-native-worklets:prepareReleaseArtProfile UP-TO-DATE
> Task :app:mergeReleaseArtProfile UP-TO-DATE
> Task :react-native-async-storage_async-storage:bundleLibRuntimeToJarRelease UP-TO-DATE
> Task :react-native-google-signin_google-signin:bundleLibRuntimeToJarRelease UP-TO-DATE
> Task :react-native-vector-icons_material-design-icons:bundleLibRuntimeToJarRelease UP-TO-DATE
> Task :react-native-gesture-handler:bundleLibRuntimeToJarRelease UP-TO-DATE
> Task :react-native-html-to-pdf:bundleLibRuntimeToJarRelease UP-TO-DATE
> Task :react-native-keyboard-controller:bundleLibRuntimeToJarRelease UP-TO-DATE
> Task :react-native-keychain:bundleLibRuntimeToJarRelease UP-TO-DATE
> Task :react-native-maps:bundleLibRuntimeToJarRelease UP-TO-DATE
> Task :react-native-pager-view:bundleLibRuntimeToJarRelease UP-TO-DATE
> Task :react-native-reanimated:bundleLibRuntimeToJarRelease UP-TO-DATE
> Task :react-native-safe-area-context:bundleLibRuntimeToJarRelease UP-TO-DATE
> Task :react-native-screens:bundleLibRuntimeToJarRelease UP-TO-DATE
> Task :react-native-video:bundleLibRuntimeToJarRelease UP-TO-DATE
> Task :react-native-worklets:bundleLibRuntimeToJarRelease UP-TO-DATE
> Task :notifee_react-native:bundleLibRuntimeToJarRelease UP-TO-DATE
> Task :react-native-community_geolocation:bundleLibRuntimeToJarRelease UP-TO-DATE
> Task :react-native-community_netinfo:bundleLibRuntimeToJarRelease UP-TO-DATE
> Task :react-native-firebase_analytics:bundleLibRuntimeToJarRelease UP-TO-DATE
> Task :react-native-firebase_auth:bundleLibRuntimeToJarRelease UP-TO-DATE
> Task :react-native-firebase_crashlytics:bundleLibRuntimeToJarRelease UP-TO-DATE
> Task :react-native-firebase_database:bundleLibRuntimeToJarRelease UP-TO-DATE
> Task :react-native-firebase_firestore:bundleLibRuntimeToJarRelease UP-TO-DATE
> Task :react-native-firebase_messaging:bundleLibRuntimeToJarRelease UP-TO-DATE
> Task :react-native-firebase_app:bundleLibRuntimeToJarRelease UP-TO-DATE
> Task :react-native-masked-view_masked-view:bundleLibRuntimeToJarRelease UP-TO-DATE
> Task :react-native-contacts:bundleLibRuntimeToJarRelease UP-TO-DATE
> Task :react-native-fs:bundleLibRuntimeToJarRelease UP-TO-DATE
> Task :react-native-get-random-values:bundleLibRuntimeToJarRelease UP-TO-DATE
> Task :react-native-image-picker:bundleLibRuntimeToJarRelease UP-TO-DATE
> Task :react-native-linear-gradient:bundleLibRuntimeToJarRelease UP-TO-DATE
> Task :react-native-razorpay:bundleLibRuntimeToJarRelease UP-TO-DATE
> Task :react-native-sqlite-storage:bundleLibRuntimeToJarRelease UP-TO-DATE
> Task :react-native-svg:bundleLibRuntimeToJarRelease UP-TO-DATE
> Task :app:mergeReleaseShaders UP-TO-DATE
> Task :app:compileReleaseShaders NO-SOURCE
> Task :app:generateReleaseAssets UP-TO-DATE
> Task :app:mergeReleaseGlobalSynthetics UP-TO-DATE
> Task :app:compileReleaseArtProfile UP-TO-DATE
> Task :notifee_react-native:mergeReleaseShaders UP-TO-DATE
> Task :notifee_react-native:compileReleaseShaders NO-SOURCE
> Task :notifee_react-native:generateReleaseAssets UP-TO-DATE
> Task :notifee_react-native:mergeReleaseAssets UP-TO-DATE
> Task :react-native-async-storage_async-storage:mergeReleaseShaders UP-TO-DATE
> Task :react-native-async-storage_async-storage:compileReleaseShaders NO-SOURCE
> Task :react-native-async-storage_async-storage:generateReleaseAssets UP-TO-DATE
> Task :react-native-async-storage_async-storage:mergeReleaseAssets UP-TO-DATE
> Task :react-native-community_geolocation:mergeReleaseShaders UP-TO-DATE
> Task :react-native-community_geolocation:compileReleaseShaders NO-SOURCE
> Task :react-native-community_geolocation:generateReleaseAssets UP-TO-DATE
> Task :react-native-community_geolocation:mergeReleaseAssets UP-TO-DATE
> Task :react-native-community_netinfo:mergeReleaseShaders UP-TO-DATE
> Task :react-native-community_netinfo:compileReleaseShaders NO-SOURCE
> Task :react-native-community_netinfo:generateReleaseAssets UP-TO-DATE
> Task :react-native-community_netinfo:mergeReleaseAssets UP-TO-DATE
> Task :react-native-contacts:mergeReleaseShaders UP-TO-DATE
> Task :react-native-contacts:compileReleaseShaders NO-SOURCE
> Task :react-native-contacts:generateReleaseAssets UP-TO-DATE
> Task :react-native-contacts:mergeReleaseAssets UP-TO-DATE
> Task :react-native-firebase_analytics:mergeReleaseShaders UP-TO-DATE
> Task :react-native-firebase_analytics:compileReleaseShaders NO-SOURCE
> Task :react-native-firebase_analytics:generateReleaseAssets UP-TO-DATE
> Task :react-native-firebase_analytics:mergeReleaseAssets UP-TO-DATE
> Task :react-native-firebase_app:mergeReleaseShaders UP-TO-DATE
> Task :react-native-firebase_app:compileReleaseShaders NO-SOURCE
> Task :react-native-firebase_app:generateReleaseAssets UP-TO-DATE
> Task :react-native-firebase_app:mergeReleaseAssets UP-TO-DATE
> Task :react-native-firebase_auth:mergeReleaseShaders UP-TO-DATE
> Task :react-native-firebase_auth:compileReleaseShaders NO-SOURCE
> Task :react-native-firebase_auth:generateReleaseAssets UP-TO-DATE
> Task :react-native-firebase_auth:mergeReleaseAssets UP-TO-DATE
> Task :react-native-firebase_crashlytics:mergeReleaseShaders UP-TO-DATE
> Task :react-native-firebase_crashlytics:compileReleaseShaders NO-SOURCE
> Task :react-native-firebase_crashlytics:generateReleaseAssets UP-TO-DATE
> Task :react-native-firebase_crashlytics:mergeReleaseAssets UP-TO-DATE
> Task :react-native-firebase_database:mergeReleaseShaders UP-TO-DATE
> Task :react-native-firebase_database:compileReleaseShaders NO-SOURCE
> Task :react-native-firebase_database:generateReleaseAssets UP-TO-DATE
> Task :react-native-firebase_database:mergeReleaseAssets UP-TO-DATE
> Task :react-native-firebase_firestore:mergeReleaseShaders UP-TO-DATE
> Task :react-native-firebase_firestore:compileReleaseShaders NO-SOURCE
> Task :react-native-firebase_firestore:generateReleaseAssets UP-TO-DATE
> Task :react-native-firebase_firestore:mergeReleaseAssets UP-TO-DATE
> Task :react-native-firebase_messaging:mergeReleaseShaders UP-TO-DATE
> Task :react-native-firebase_messaging:compileReleaseShaders NO-SOURCE
> Task :react-native-firebase_messaging:generateReleaseAssets UP-TO-DATE
> Task :react-native-firebase_messaging:mergeReleaseAssets UP-TO-DATE
> Task :react-native-fs:mergeReleaseShaders UP-TO-DATE
> Task :react-native-fs:compileReleaseShaders NO-SOURCE
> Task :react-native-fs:generateReleaseAssets UP-TO-DATE
> Task :react-native-fs:mergeReleaseAssets UP-TO-DATE
> Task :react-native-gesture-handler:mergeReleaseShaders UP-TO-DATE
> Task :react-native-gesture-handler:compileReleaseShaders NO-SOURCE
> Task :react-native-gesture-handler:generateReleaseAssets UP-TO-DATE
> Task :react-native-gesture-handler:mergeReleaseAssets UP-TO-DATE
> Task :react-native-get-random-values:mergeReleaseShaders UP-TO-DATE
> Task :react-native-get-random-values:compileReleaseShaders NO-SOURCE
> Task :react-native-get-random-values:generateReleaseAssets UP-TO-DATE
> Task :react-native-get-random-values:mergeReleaseAssets UP-TO-DATE
> Task :react-native-google-signin_google-signin:mergeReleaseShaders UP-TO-DATE
> Task :react-native-google-signin_google-signin:compileReleaseShaders NO-SOURCE
> Task :react-native-google-signin_google-signin:generateReleaseAssets UP-TO-DATE
> Task :react-native-google-signin_google-signin:mergeReleaseAssets UP-TO-DATE
> Task :react-native-html-to-pdf:mergeReleaseShaders UP-TO-DATE
> Task :react-native-html-to-pdf:compileReleaseShaders NO-SOURCE
> Task :react-native-html-to-pdf:generateReleaseAssets UP-TO-DATE
> Task :react-native-html-to-pdf:mergeReleaseAssets UP-TO-DATE
> Task :react-native-image-picker:mergeReleaseShaders UP-TO-DATE
> Task :react-native-image-picker:compileReleaseShaders NO-SOURCE
> Task :react-native-image-picker:generateReleaseAssets UP-TO-DATE
> Task :react-native-image-picker:mergeReleaseAssets UP-TO-DATE
> Task :react-native-keyboard-controller:mergeReleaseShaders UP-TO-DATE
> Task :react-native-keyboard-controller:compileReleaseShaders NO-SOURCE
> Task :react-native-keyboard-controller:generateReleaseAssets UP-TO-DATE
> Task :react-native-keyboard-controller:mergeReleaseAssets UP-TO-DATE
> Task :react-native-keychain:mergeReleaseShaders UP-TO-DATE
> Task :react-native-keychain:compileReleaseShaders NO-SOURCE
> Task :react-native-keychain:generateReleaseAssets UP-TO-DATE
> Task :react-native-keychain:mergeReleaseAssets UP-TO-DATE
> Task :react-native-linear-gradient:mergeReleaseShaders UP-TO-DATE
> Task :react-native-linear-gradient:compileReleaseShaders NO-SOURCE
> Task :react-native-linear-gradient:generateReleaseAssets UP-TO-DATE
> Task :react-native-linear-gradient:mergeReleaseAssets UP-TO-DATE
> Task :react-native-maps:mergeReleaseShaders UP-TO-DATE
> Task :react-native-maps:compileReleaseShaders NO-SOURCE
> Task :react-native-maps:generateReleaseAssets UP-TO-DATE
> Task :react-native-maps:mergeReleaseAssets UP-TO-DATE
> Task :react-native-masked-view_masked-view:mergeReleaseShaders UP-TO-DATE
> Task :react-native-masked-view_masked-view:compileReleaseShaders NO-SOURCE
> Task :react-native-masked-view_masked-view:generateReleaseAssets UP-TO-DATE
> Task :react-native-masked-view_masked-view:mergeReleaseAssets UP-TO-DATE
> Task :react-native-pager-view:mergeReleaseShaders UP-TO-DATE
> Task :react-native-pager-view:compileReleaseShaders NO-SOURCE
> Task :react-native-pager-view:generateReleaseAssets UP-TO-DATE
> Task :react-native-pager-view:mergeReleaseAssets UP-TO-DATE
> Task :react-native-razorpay:mergeReleaseShaders UP-TO-DATE
> Task :react-native-razorpay:compileReleaseShaders NO-SOURCE
> Task :react-native-razorpay:generateReleaseAssets UP-TO-DATE
> Task :react-native-razorpay:mergeReleaseAssets UP-TO-DATE
> Task :react-native-reanimated:mergeReleaseShaders UP-TO-DATE
> Task :react-native-reanimated:compileReleaseShaders NO-SOURCE
> Task :react-native-reanimated:generateReleaseAssets UP-TO-DATE
> Task :react-native-reanimated:mergeReleaseAssets UP-TO-DATE
> Task :react-native-safe-area-context:mergeReleaseShaders UP-TO-DATE
> Task :react-native-safe-area-context:compileReleaseShaders NO-SOURCE
> Task :react-native-safe-area-context:generateReleaseAssets UP-TO-DATE
> Task :react-native-safe-area-context:mergeReleaseAssets UP-TO-DATE
> Task :react-native-screens:mergeReleaseShaders UP-TO-DATE
> Task :react-native-screens:compileReleaseShaders NO-SOURCE
> Task :react-native-screens:generateReleaseAssets UP-TO-DATE
> Task :react-native-screens:mergeReleaseAssets UP-TO-DATE
> Task :react-native-sqlite-storage:mergeReleaseShaders UP-TO-DATE
> Task :react-native-sqlite-storage:compileReleaseShaders NO-SOURCE
> Task :react-native-sqlite-storage:generateReleaseAssets UP-TO-DATE
> Task :react-native-sqlite-storage:mergeReleaseAssets UP-TO-DATE
> Task :react-native-svg:mergeReleaseShaders UP-TO-DATE
> Task :react-native-svg:compileReleaseShaders NO-SOURCE
> Task :react-native-svg:generateReleaseAssets UP-TO-DATE
> Task :react-native-svg:mergeReleaseAssets UP-TO-DATE
> Task :react-native-vector-icons_material-design-icons:mergeReleaseShaders UP-TO-DATE
> Task :react-native-vector-icons_material-design-icons:compileReleaseShaders NO-SOURCE
> Task :react-native-vector-icons_material-design-icons:generateReleaseAssets UP-TO-DATE
> Task :react-native-vector-icons_material-design-icons:mergeReleaseAssets UP-TO-DATE
> Task :react-native-video:mergeReleaseShaders UP-TO-DATE
> Task :react-native-video:compileReleaseShaders NO-SOURCE
> Task :react-native-video:generateReleaseAssets UP-TO-DATE
> Task :react-native-video:mergeReleaseAssets UP-TO-DATE
> Task :react-native-worklets:mergeReleaseShaders UP-TO-DATE
> Task :react-native-worklets:compileReleaseShaders NO-SOURCE
> Task :react-native-worklets:generateReleaseAssets UP-TO-DATE
> Task :react-native-worklets:mergeReleaseAssets UP-TO-DATE
> Task :app:mergeReleaseAssets UP-TO-DATE
> Task :app:compressReleaseAssets UP-TO-DATE
> Task :app:extractReleaseVersionControlInfo UP-TO-DATE
> Task :app:extractProguardFiles UP-TO-DATE
> Task :notifee_react-native:processReleaseJavaRes NO-SOURCE
> Task :notifee_react-native:createFullJarRelease UP-TO-DATE
> Task :notifee_react-native:extractProguardFiles UP-TO-DATE
> Task :notifee_react-native:generateReleaseLintModel UP-TO-DATE
> Task :notifee_react-native:prepareLintJarForPublish UP-TO-DATE
> Task :react-native-async-storage_async-storage:processReleaseJavaRes UP-TO-DATE
> Task :react-native-async-storage_async-storage:createFullJarRelease UP-TO-DATE
> Task :react-native-async-storage_async-storage:extractProguardFiles UP-TO-DATE
> Task :react-native-async-storage_async-storage:generateReleaseLintModel UP-TO-DATE
> Task :react-native-async-storage_async-storage:prepareLintJarForPublish UP-TO-DATE
> Task :react-native-community_geolocation:processReleaseJavaRes NO-SOURCE
> Task :react-native-community_geolocation:createFullJarRelease UP-TO-DATE
> Task :react-native-community_geolocation:extractProguardFiles UP-TO-DATE
> Task :react-native-community_geolocation:generateReleaseLintModel UP-TO-DATE
> Task :react-native-community_geolocation:prepareLintJarForPublish UP-TO-DATE
> Task :react-native-community_netinfo:processReleaseJavaRes NO-SOURCE
> Task :react-native-community_netinfo:createFullJarRelease UP-TO-DATE
> Task :react-native-community_netinfo:extractProguardFiles UP-TO-DATE
> Task :react-native-community_netinfo:generateReleaseLintModel UP-TO-DATE
> Task :react-native-community_netinfo:prepareLintJarForPublish UP-TO-DATE
> Task :react-native-contacts:processReleaseJavaRes NO-SOURCE
> Task :react-native-contacts:createFullJarRelease UP-TO-DATE
> Task :react-native-contacts:extractProguardFiles UP-TO-DATE
> Task :react-native-contacts:generateReleaseLintModel UP-TO-DATE
> Task :react-native-contacts:prepareLintJarForPublish UP-TO-DATE
> Task :react-native-firebase_analytics:processReleaseJavaRes NO-SOURCE
> Task :react-native-firebase_analytics:createFullJarRelease UP-TO-DATE
> Task :react-native-firebase_analytics:extractProguardFiles UP-TO-DATE
> Task :react-native-firebase_app:processReleaseJavaRes NO-SOURCE
> Task :react-native-firebase_app:createFullJarRelease UP-TO-DATE
> Task :react-native-firebase_app:extractProguardFiles UP-TO-DATE
> Task :react-native-firebase_app:generateReleaseLintModel UP-TO-DATE
> Task :react-native-firebase_app:prepareLintJarForPublish UP-TO-DATE
> Task :react-native-firebase_analytics:generateReleaseLintModel UP-TO-DATE
> Task :react-native-firebase_analytics:prepareLintJarForPublish UP-TO-DATE
> Task :react-native-firebase_auth:processReleaseJavaRes NO-SOURCE
> Task :react-native-firebase_auth:createFullJarRelease UP-TO-DATE
> Task :react-native-firebase_auth:extractProguardFiles UP-TO-DATE
> Task :react-native-firebase_auth:generateReleaseLintModel UP-TO-DATE
> Task :react-native-firebase_auth:prepareLintJarForPublish UP-TO-DATE
> Task :react-native-firebase_crashlytics:processReleaseJavaRes NO-SOURCE
> Task :react-native-firebase_crashlytics:createFullJarRelease UP-TO-DATE
> Task :react-native-firebase_crashlytics:extractProguardFiles UP-TO-DATE
> Task :react-native-firebase_crashlytics:generateReleaseLintModel UP-TO-DATE
> Task :react-native-firebase_crashlytics:prepareLintJarForPublish UP-TO-DATE
> Task :react-native-firebase_database:processReleaseJavaRes NO-SOURCE
> Task :react-native-firebase_database:createFullJarRelease UP-TO-DATE
> Task :react-native-firebase_database:extractProguardFiles UP-TO-DATE
> Task :react-native-firebase_database:generateReleaseLintModel UP-TO-DATE
> Task :react-native-firebase_database:prepareLintJarForPublish UP-TO-DATE
> Task :react-native-firebase_firestore:processReleaseJavaRes NO-SOURCE
> Task :react-native-firebase_firestore:createFullJarRelease UP-TO-DATE
> Task :react-native-firebase_firestore:extractProguardFiles UP-TO-DATE
> Task :react-native-firebase_firestore:generateReleaseLintModel UP-TO-DATE
> Task :react-native-firebase_firestore:prepareLintJarForPublish UP-TO-DATE
> Task :react-native-firebase_messaging:processReleaseJavaRes NO-SOURCE
> Task :react-native-firebase_messaging:createFullJarRelease UP-TO-DATE
> Task :react-native-firebase_messaging:extractProguardFiles UP-TO-DATE
> Task :react-native-firebase_messaging:generateReleaseLintModel UP-TO-DATE
> Task :react-native-firebase_messaging:prepareLintJarForPublish UP-TO-DATE
> Task :react-native-fs:processReleaseJavaRes NO-SOURCE
> Task :react-native-fs:createFullJarRelease UP-TO-DATE
> Task :react-native-fs:extractProguardFiles UP-TO-DATE
> Task :react-native-fs:generateReleaseLintModel UP-TO-DATE
> Task :react-native-fs:prepareLintJarForPublish UP-TO-DATE
> Task :react-native-gesture-handler:processReleaseJavaRes UP-TO-DATE
> Task :react-native-gesture-handler:createFullJarRelease UP-TO-DATE
> Task :react-native-gesture-handler:extractProguardFiles UP-TO-DATE
> Task :react-native-reanimated:processReleaseJavaRes UP-TO-DATE
> Task :react-native-reanimated:createFullJarRelease UP-TO-DATE
> Task :react-native-reanimated:extractProguardFiles UP-TO-DATE
> Task :react-native-worklets:processReleaseJavaRes UP-TO-DATE
> Task :react-native-worklets:createFullJarRelease UP-TO-DATE
> Task :react-native-worklets:extractProguardFiles UP-TO-DATE
> Task :react-native-worklets:generateReleaseLintModel UP-TO-DATE
> Task :react-native-worklets:prepareLintJarForPublish UP-TO-DATE
> Task :react-native-reanimated:generateReleaseLintModel UP-TO-DATE
> Task :react-native-reanimated:prepareLintJarForPublish UP-TO-DATE
> Task :react-native-svg:processReleaseJavaRes NO-SOURCE
> Task :react-native-svg:createFullJarRelease UP-TO-DATE
> Task :react-native-svg:extractProguardFiles UP-TO-DATE
> Task :react-native-svg:generateReleaseLintModel UP-TO-DATE
> Task :react-native-svg:prepareLintJarForPublish UP-TO-DATE
> Task :react-native-gesture-handler:generateReleaseLintModel UP-TO-DATE
> Task :react-native-gesture-handler:prepareLintJarForPublish UP-TO-DATE
> Task :react-native-get-random-values:processReleaseJavaRes NO-SOURCE
> Task :react-native-get-random-values:createFullJarRelease UP-TO-DATE
> Task :react-native-get-random-values:extractProguardFiles UP-TO-DATE
> Task :react-native-get-random-values:generateReleaseLintModel UP-TO-DATE
> Task :react-native-get-random-values:prepareLintJarForPublish UP-TO-DATE
> Task :react-native-google-signin_google-signin:processReleaseJavaRes UP-TO-DATE
> Task :react-native-google-signin_google-signin:createFullJarRelease UP-TO-DATE
> Task :react-native-google-signin_google-signin:extractProguardFiles UP-TO-DATE
> Task :react-native-google-signin_google-signin:generateReleaseLintModel UP-TO-DATE
> Task :react-native-google-signin_google-signin:prepareLintJarForPublish UP-TO-DATE
> Task :react-native-html-to-pdf:processReleaseJavaRes UP-TO-DATE
> Task :react-native-html-to-pdf:createFullJarRelease UP-TO-DATE
> Task :react-native-html-to-pdf:extractProguardFiles UP-TO-DATE
> Task :react-native-html-to-pdf:generateReleaseLintModel UP-TO-DATE
> Task :react-native-html-to-pdf:prepareLintJarForPublish UP-TO-DATE
> Task :react-native-image-picker:processReleaseJavaRes NO-SOURCE
> Task :react-native-image-picker:createFullJarRelease UP-TO-DATE
> Task :react-native-image-picker:extractProguardFiles UP-TO-DATE
> Task :react-native-image-picker:generateReleaseLintModel UP-TO-DATE
> Task :react-native-image-picker:prepareLintJarForPublish UP-TO-DATE
> Task :react-native-keyboard-controller:processReleaseJavaRes UP-TO-DATE
> Task :react-native-keyboard-controller:createFullJarRelease UP-TO-DATE
> Task :react-native-keyboard-controller:extractProguardFiles UP-TO-DATE
> Task :react-native-keyboard-controller:generateReleaseLintModel UP-TO-DATE
> Task :react-native-keyboard-controller:prepareLintJarForPublish UP-TO-DATE
> Task :react-native-keychain:processReleaseJavaRes UP-TO-DATE
> Task :react-native-keychain:createFullJarRelease UP-TO-DATE
> Task :react-native-keychain:extractProguardFiles UP-TO-DATE
> Task :react-native-keychain:generateReleaseLintModel UP-TO-DATE
> Task :react-native-keychain:prepareLintJarForPublish UP-TO-DATE
> Task :react-native-linear-gradient:processReleaseJavaRes NO-SOURCE
> Task :react-native-linear-gradient:createFullJarRelease UP-TO-DATE
> Task :react-native-linear-gradient:extractProguardFiles UP-TO-DATE
> Task :react-native-linear-gradient:generateReleaseLintModel UP-TO-DATE
> Task :react-native-linear-gradient:prepareLintJarForPublish UP-TO-DATE
> Task :react-native-maps:processReleaseJavaRes NO-SOURCE
> Task :react-native-maps:createFullJarRelease UP-TO-DATE
> Task :react-native-maps:extractProguardFiles UP-TO-DATE
> Task :react-native-maps:generateReleaseLintModel UP-TO-DATE
> Task :react-native-maps:prepareLintJarForPublish UP-TO-DATE
> Task :react-native-masked-view_masked-view:processReleaseJavaRes NO-SOURCE
> Task :react-native-masked-view_masked-view:createFullJarRelease UP-TO-DATE
> Task :react-native-masked-view_masked-view:extractProguardFiles UP-TO-DATE
> Task :react-native-masked-view_masked-view:generateReleaseLintModel UP-TO-DATE
> Task :react-native-masked-view_masked-view:prepareLintJarForPublish UP-TO-DATE
> Task :react-native-pager-view:processReleaseJavaRes UP-TO-DATE
> Task :react-native-pager-view:createFullJarRelease UP-TO-DATE
> Task :react-native-pager-view:extractProguardFiles UP-TO-DATE
> Task :react-native-pager-view:generateReleaseLintModel UP-TO-DATE
> Task :react-native-pager-view:prepareLintJarForPublish UP-TO-DATE
> Task :react-native-razorpay:processReleaseJavaRes NO-SOURCE
> Task :react-native-razorpay:createFullJarRelease UP-TO-DATE
> Task :react-native-razorpay:extractProguardFiles UP-TO-DATE
> Task :react-native-razorpay:generateReleaseLintModel UP-TO-DATE
> Task :react-native-razorpay:prepareLintJarForPublish UP-TO-DATE
> Task :react-native-safe-area-context:processReleaseJavaRes UP-TO-DATE
> Task :react-native-safe-area-context:createFullJarRelease UP-TO-DATE
> Task :react-native-safe-area-context:extractProguardFiles UP-TO-DATE
> Task :react-native-safe-area-context:generateReleaseLintModel UP-TO-DATE
> Task :react-native-safe-area-context:prepareLintJarForPublish UP-TO-DATE
> Task :react-native-screens:processReleaseJavaRes UP-TO-DATE
> Task :react-native-screens:createFullJarRelease UP-TO-DATE
> Task :react-native-screens:extractProguardFiles UP-TO-DATE
> Task :react-native-screens:generateReleaseLintModel UP-TO-DATE
> Task :react-native-screens:prepareLintJarForPublish UP-TO-DATE
> Task :react-native-sqlite-storage:processReleaseJavaRes NO-SOURCE
> Task :react-native-sqlite-storage:createFullJarRelease UP-TO-DATE
> Task :react-native-sqlite-storage:extractProguardFiles UP-TO-DATE
> Task :react-native-sqlite-storage:generateReleaseLintModel UP-TO-DATE
> Task :react-native-sqlite-storage:prepareLintJarForPublish UP-TO-DATE
> Task :react-native-vector-icons_material-design-icons:processReleaseJavaRes UP-TO-DATE
> Task :react-native-vector-icons_material-design-icons:createFullJarRelease UP-TO-DATE
> Task :react-native-vector-icons_material-design-icons:extractProguardFiles UP-TO-DATE
> Task :react-native-vector-icons_material-design-icons:generateReleaseLintModel UP-TO-DATE
> Task :react-native-vector-icons_material-design-icons:prepareLintJarForPublish UP-TO-DATE
> Task :react-native-video:processReleaseJavaRes UP-TO-DATE
> Task :react-native-video:createFullJarRelease UP-TO-DATE
> Task :react-native-video:extractProguardFiles UP-TO-DATE
> Task :react-native-video:generateReleaseLintModel UP-TO-DATE
> Task :react-native-video:prepareLintJarForPublish UP-TO-DATE
> Task :app:generateReleaseLintVitalReportModel UP-TO-DATE
> Task :react-native-async-storage_async-storage:stripReleaseDebugSymbols NO-SOURCE
> Task :react-native-async-storage_async-storage:copyReleaseJniLibsProjectAndLocalJars UP-TO-DATE
> Task :react-native-async-storage_async-storage:extractDeepLinksForAarRelease UP-TO-DATE
> Task :react-native-async-storage_async-storage:extractReleaseAnnotations UP-TO-DATE
> Task :react-native-async-storage_async-storage:mergeReleaseGeneratedProguardFiles UP-TO-DATE
> Task :react-native-async-storage_async-storage:mergeReleaseConsumerProguardFiles UP-TO-DATE
> Task :react-native-async-storage_async-storage:mergeReleaseJavaResource UP-TO-DATE
> Task :react-native-async-storage_async-storage:syncReleaseLibJars UP-TO-DATE
> Task :react-native-async-storage_async-storage:bundleReleaseLocalLintAar UP-TO-DATE
> Task :react-native-google-signin_google-signin:stripReleaseDebugSymbols NO-SOURCE
> Task :react-native-google-signin_google-signin:copyReleaseJniLibsProjectAndLocalJars UP-TO-DATE
> Task :react-native-google-signin_google-signin:extractDeepLinksForAarRelease UP-TO-DATE
> Task :react-native-google-signin_google-signin:extractReleaseAnnotations UP-TO-DATE
> Task :react-native-google-signin_google-signin:mergeReleaseGeneratedProguardFiles UP-TO-DATE
> Task :react-native-google-signin_google-signin:mergeReleaseConsumerProguardFiles UP-TO-DATE
> Task :react-native-google-signin_google-signin:mergeReleaseJavaResource UP-TO-DATE
> Task :react-native-google-signin_google-signin:syncReleaseLibJars UP-TO-DATE
> Task :react-native-google-signin_google-signin:bundleReleaseLocalLintAar UP-TO-DATE
> Task :react-native-vector-icons_material-design-icons:stripReleaseDebugSymbols NO-SOURCE
> Task :react-native-vector-icons_material-design-icons:copyReleaseJniLibsProjectAndLocalJars UP-TO-DATE
> Task :react-native-vector-icons_material-design-icons:extractDeepLinksForAarRelease UP-TO-DATE
> Task :react-native-vector-icons_material-design-icons:extractReleaseAnnotations UP-TO-DATE
> Task :react-native-vector-icons_material-design-icons:mergeReleaseGeneratedProguardFiles UP-TO-DATE
> Task :react-native-vector-icons_material-design-icons:mergeReleaseConsumerProguardFiles UP-TO-DATE
> Task :react-native-vector-icons_material-design-icons:mergeReleaseJavaResource UP-TO-DATE
> Task :react-native-vector-icons_material-design-icons:syncReleaseLibJars UP-TO-DATE
> Task :react-native-vector-icons_material-design-icons:bundleReleaseLocalLintAar UP-TO-DATE
> Task :react-native-gesture-handler:stripReleaseDebugSymbols UP-TO-DATE
> Task :react-native-gesture-handler:copyReleaseJniLibsProjectAndLocalJars UP-TO-DATE
> Task :react-native-gesture-handler:extractDeepLinksForAarRelease UP-TO-DATE
> Task :react-native-gesture-handler:extractReleaseAnnotations UP-TO-DATE
> Task :react-native-gesture-handler:mergeReleaseGeneratedProguardFiles UP-TO-DATE
> Task :react-native-gesture-handler:mergeReleaseConsumerProguardFiles UP-TO-DATE
> Task :react-native-gesture-handler:mergeReleaseJavaResource UP-TO-DATE
> Task :react-native-gesture-handler:syncReleaseLibJars UP-TO-DATE
> Task :react-native-gesture-handler:bundleReleaseLocalLintAar UP-TO-DATE
> Task :react-native-html-to-pdf:stripReleaseDebugSymbols NO-SOURCE
> Task :react-native-html-to-pdf:copyReleaseJniLibsProjectAndLocalJars UP-TO-DATE
> Task :react-native-html-to-pdf:extractDeepLinksForAarRelease UP-TO-DATE
> Task :react-native-html-to-pdf:extractReleaseAnnotations UP-TO-DATE
> Task :react-native-html-to-pdf:mergeReleaseGeneratedProguardFiles UP-TO-DATE
> Task :react-native-html-to-pdf:mergeReleaseConsumerProguardFiles UP-TO-DATE
> Task :react-native-html-to-pdf:mergeReleaseJavaResource UP-TO-DATE
> Task :react-native-html-to-pdf:syncReleaseLibJars UP-TO-DATE
> Task :react-native-html-to-pdf:bundleReleaseLocalLintAar UP-TO-DATE
> Task :react-native-keyboard-controller:stripReleaseDebugSymbols NO-SOURCE
> Task :react-native-keyboard-controller:copyReleaseJniLibsProjectAndLocalJars UP-TO-DATE
> Task :react-native-keyboard-controller:extractDeepLinksForAarRelease UP-TO-DATE
> Task :react-native-keyboard-controller:extractReleaseAnnotations UP-TO-DATE
> Task :react-native-keyboard-controller:mergeReleaseGeneratedProguardFiles UP-TO-DATE
> Task :react-native-keyboard-controller:mergeReleaseConsumerProguardFiles UP-TO-DATE
> Task :react-native-keyboard-controller:mergeReleaseJavaResource UP-TO-DATE
> Task :react-native-keyboard-controller:syncReleaseLibJars UP-TO-DATE
> Task :react-native-keyboard-controller:bundleReleaseLocalLintAar UP-TO-DATE
> Task :react-native-keychain:stripReleaseDebugSymbols NO-SOURCE
> Task :react-native-keychain:copyReleaseJniLibsProjectAndLocalJars UP-TO-DATE
> Task :react-native-keychain:extractDeepLinksForAarRelease UP-TO-DATE
> Task :react-native-keychain:extractReleaseAnnotations UP-TO-DATE
> Task :react-native-keychain:mergeReleaseGeneratedProguardFiles UP-TO-DATE
> Task :react-native-keychain:mergeReleaseConsumerProguardFiles UP-TO-DATE
> Task :react-native-keychain:mergeReleaseJavaResource UP-TO-DATE
> Task :react-native-keychain:syncReleaseLibJars UP-TO-DATE
> Task :react-native-keychain:bundleReleaseLocalLintAar UP-TO-DATE
> Task :react-native-maps:stripReleaseDebugSymbols NO-SOURCE
> Task :react-native-maps:copyReleaseJniLibsProjectAndLocalJars UP-TO-DATE
> Task :react-native-maps:extractDeepLinksForAarRelease UP-TO-DATE
> Task :react-native-maps:extractReleaseAnnotations UP-TO-DATE
> Task :react-native-maps:mergeReleaseGeneratedProguardFiles UP-TO-DATE
> Task :react-native-maps:mergeReleaseConsumerProguardFiles UP-TO-DATE
> Task :react-native-maps:mergeReleaseJavaResource UP-TO-DATE
> Task :react-native-maps:syncReleaseLibJars UP-TO-DATE
> Task :react-native-maps:bundleReleaseLocalLintAar UP-TO-DATE
> Task :react-native-pager-view:stripReleaseDebugSymbols NO-SOURCE
> Task :react-native-pager-view:copyReleaseJniLibsProjectAndLocalJars UP-TO-DATE
> Task :react-native-pager-view:extractDeepLinksForAarRelease UP-TO-DATE
> Task :react-native-pager-view:extractReleaseAnnotations UP-TO-DATE
> Task :react-native-pager-view:mergeReleaseGeneratedProguardFiles UP-TO-DATE
> Task :react-native-pager-view:mergeReleaseConsumerProguardFiles UP-TO-DATE
> Task :react-native-pager-view:mergeReleaseJavaResource UP-TO-DATE
> Task :react-native-pager-view:syncReleaseLibJars UP-TO-DATE
> Task :react-native-pager-view:bundleReleaseLocalLintAar UP-TO-DATE
> Task :react-native-reanimated:stripReleaseDebugSymbols UP-TO-DATE
> Task :react-native-reanimated:copyReleaseJniLibsProjectAndLocalJars UP-TO-DATE
> Task :react-native-reanimated:extractDeepLinksForAarRelease UP-TO-DATE
> Task :react-native-reanimated:extractReleaseAnnotations UP-TO-DATE
> Task :react-native-reanimated:mergeReleaseGeneratedProguardFiles UP-TO-DATE
> Task :react-native-reanimated:mergeReleaseConsumerProguardFiles UP-TO-DATE
> Task :react-native-reanimated:mergeReleaseJavaResource UP-TO-DATE
> Task :react-native-reanimated:syncReleaseLibJars UP-TO-DATE
> Task :react-native-reanimated:bundleReleaseLocalLintAar UP-TO-DATE
> Task :react-native-safe-area-context:stripReleaseDebugSymbols NO-SOURCE
> Task :react-native-safe-area-context:copyReleaseJniLibsProjectAndLocalJars UP-TO-DATE
> Task :react-native-safe-area-context:extractDeepLinksForAarRelease UP-TO-DATE
> Task :react-native-safe-area-context:extractReleaseAnnotations UP-TO-DATE
> Task :react-native-safe-area-context:mergeReleaseGeneratedProguardFiles UP-TO-DATE
> Task :react-native-safe-area-context:mergeReleaseConsumerProguardFiles UP-TO-DATE
> Task :react-native-safe-area-context:mergeReleaseJavaResource UP-TO-DATE
> Task :react-native-safe-area-context:syncReleaseLibJars UP-TO-DATE
> Task :react-native-safe-area-context:bundleReleaseLocalLintAar UP-TO-DATE
> Task :react-native-screens:stripReleaseDebugSymbols UP-TO-DATE
> Task :react-native-screens:copyReleaseJniLibsProjectAndLocalJars UP-TO-DATE
> Task :react-native-screens:extractDeepLinksForAarRelease UP-TO-DATE
> Task :react-native-screens:extractReleaseAnnotations UP-TO-DATE
> Task :react-native-screens:mergeReleaseGeneratedProguardFiles UP-TO-DATE
> Task :react-native-screens:mergeReleaseConsumerProguardFiles UP-TO-DATE
> Task :react-native-screens:mergeReleaseJavaResource UP-TO-DATE
> Task :react-native-screens:syncReleaseLibJars UP-TO-DATE
> Task :react-native-screens:bundleReleaseLocalLintAar UP-TO-DATE
> Task :react-native-video:stripReleaseDebugSymbols NO-SOURCE
> Task :react-native-video:copyReleaseJniLibsProjectAndLocalJars UP-TO-DATE
> Task :react-native-video:extractDeepLinksForAarRelease UP-TO-DATE
> Task :react-native-video:extractReleaseAnnotations UP-TO-DATE
> Task :react-native-video:mergeReleaseGeneratedProguardFiles UP-TO-DATE
> Task :react-native-video:mergeReleaseConsumerProguardFiles UP-TO-DATE
> Task :react-native-video:mergeReleaseJavaResource UP-TO-DATE
> Task :react-native-video:syncReleaseLibJars UP-TO-DATE
> Task :react-native-video:bundleReleaseLocalLintAar UP-TO-DATE
> Task :react-native-worklets:stripReleaseDebugSymbols UP-TO-DATE
> Task :react-native-worklets:copyReleaseJniLibsProjectAndLocalJars UP-TO-DATE
> Task :react-native-worklets:extractDeepLinksForAarRelease UP-TO-DATE
> Task :react-native-worklets:extractReleaseAnnotations UP-TO-DATE
> Task :react-native-worklets:mergeReleaseGeneratedProguardFiles UP-TO-DATE
> Task :react-native-worklets:mergeReleaseConsumerProguardFiles UP-TO-DATE
> Task :react-native-worklets:mergeReleaseJavaResource UP-TO-DATE
> Task :react-native-worklets:syncReleaseLibJars UP-TO-DATE
> Task :react-native-worklets:bundleReleaseLocalLintAar UP-TO-DATE
> Task :notifee_react-native:stripReleaseDebugSymbols NO-SOURCE
> Task :notifee_react-native:copyReleaseJniLibsProjectAndLocalJars UP-TO-DATE
> Task :notifee_react-native:extractDeepLinksForAarRelease UP-TO-DATE
> Task :notifee_react-native:extractReleaseAnnotations UP-TO-DATE
> Task :notifee_react-native:mergeReleaseGeneratedProguardFiles UP-TO-DATE
> Task :notifee_react-native:mergeReleaseConsumerProguardFiles UP-TO-DATE
> Task :notifee_react-native:mergeReleaseJavaResource UP-TO-DATE
> Task :notifee_react-native:syncReleaseLibJars UP-TO-DATE
> Task :notifee_react-native:bundleReleaseLocalLintAar UP-TO-DATE
> Task :react-native-community_geolocation:stripReleaseDebugSymbols NO-SOURCE
> Task :react-native-community_geolocation:copyReleaseJniLibsProjectAndLocalJars UP-TO-DATE
> Task :react-native-community_geolocation:extractDeepLinksForAarRelease UP-TO-DATE
> Task :react-native-community_geolocation:extractReleaseAnnotations UP-TO-DATE
> Task :react-native-community_geolocation:mergeReleaseGeneratedProguardFiles UP-TO-DATE
> Task :react-native-community_geolocation:mergeReleaseConsumerProguardFiles UP-TO-DATE
> Task :react-native-community_geolocation:mergeReleaseJavaResource UP-TO-DATE
> Task :react-native-community_geolocation:syncReleaseLibJars UP-TO-DATE
> Task :react-native-community_geolocation:bundleReleaseLocalLintAar UP-TO-DATE
> Task :react-native-community_netinfo:stripReleaseDebugSymbols NO-SOURCE
> Task :react-native-community_netinfo:copyReleaseJniLibsProjectAndLocalJars UP-TO-DATE
> Task :react-native-community_netinfo:extractDeepLinksForAarRelease UP-TO-DATE
> Task :react-native-community_netinfo:extractReleaseAnnotations UP-TO-DATE
> Task :react-native-community_netinfo:mergeReleaseGeneratedProguardFiles UP-TO-DATE
> Task :react-native-community_netinfo:mergeReleaseConsumerProguardFiles UP-TO-DATE
> Task :react-native-community_netinfo:mergeReleaseJavaResource UP-TO-DATE
> Task :react-native-community_netinfo:syncReleaseLibJars UP-TO-DATE
> Task :react-native-community_netinfo:bundleReleaseLocalLintAar UP-TO-DATE
> Task :react-native-firebase_analytics:stripReleaseDebugSymbols NO-SOURCE
> Task :react-native-firebase_analytics:copyReleaseJniLibsProjectAndLocalJars UP-TO-DATE
> Task :react-native-firebase_analytics:extractDeepLinksForAarRelease UP-TO-DATE
> Task :react-native-firebase_analytics:extractReleaseAnnotations UP-TO-DATE
> Task :react-native-firebase_analytics:mergeReleaseGeneratedProguardFiles UP-TO-DATE
> Task :react-native-firebase_analytics:mergeReleaseConsumerProguardFiles UP-TO-DATE
> Task :react-native-firebase_analytics:mergeReleaseJavaResource UP-TO-DATE
> Task :react-native-firebase_analytics:syncReleaseLibJars UP-TO-DATE
> Task :react-native-firebase_analytics:bundleReleaseLocalLintAar UP-TO-DATE
> Task :react-native-firebase_auth:stripReleaseDebugSymbols NO-SOURCE
> Task :react-native-firebase_auth:copyReleaseJniLibsProjectAndLocalJars UP-TO-DATE
> Task :react-native-firebase_auth:extractDeepLinksForAarRelease UP-TO-DATE
> Task :react-native-firebase_auth:extractReleaseAnnotations UP-TO-DATE
> Task :react-native-firebase_auth:mergeReleaseGeneratedProguardFiles UP-TO-DATE
> Task :react-native-firebase_auth:mergeReleaseConsumerProguardFiles UP-TO-DATE
> Task :react-native-firebase_auth:mergeReleaseJavaResource UP-TO-DATE
> Task :react-native-firebase_auth:syncReleaseLibJars UP-TO-DATE
> Task :react-native-firebase_auth:bundleReleaseLocalLintAar UP-TO-DATE
> Task :react-native-firebase_crashlytics:stripReleaseDebugSymbols NO-SOURCE
> Task :react-native-firebase_crashlytics:copyReleaseJniLibsProjectAndLocalJars UP-TO-DATE
> Task :react-native-firebase_crashlytics:extractDeepLinksForAarRelease UP-TO-DATE
> Task :react-native-firebase_crashlytics:extractReleaseAnnotations UP-TO-DATE
> Task :react-native-firebase_crashlytics:mergeReleaseGeneratedProguardFiles UP-TO-DATE
> Task :react-native-firebase_crashlytics:mergeReleaseConsumerProguardFiles UP-TO-DATE
> Task :react-native-firebase_crashlytics:mergeReleaseJavaResource UP-TO-DATE
> Task :react-native-firebase_crashlytics:syncReleaseLibJars UP-TO-DATE
> Task :react-native-firebase_crashlytics:bundleReleaseLocalLintAar UP-TO-DATE
> Task :react-native-firebase_database:stripReleaseDebugSymbols NO-SOURCE
> Task :react-native-firebase_database:copyReleaseJniLibsProjectAndLocalJars UP-TO-DATE
> Task :react-native-firebase_database:extractDeepLinksForAarRelease UP-TO-DATE
> Task :react-native-firebase_database:extractReleaseAnnotations UP-TO-DATE
> Task :react-native-firebase_database:mergeReleaseGeneratedProguardFiles UP-TO-DATE
> Task :react-native-firebase_database:mergeReleaseConsumerProguardFiles UP-TO-DATE
> Task :react-native-firebase_database:mergeReleaseJavaResource UP-TO-DATE
> Task :react-native-firebase_database:syncReleaseLibJars UP-TO-DATE
> Task :react-native-firebase_database:bundleReleaseLocalLintAar UP-TO-DATE
> Task :react-native-firebase_firestore:stripReleaseDebugSymbols NO-SOURCE
> Task :react-native-firebase_firestore:copyReleaseJniLibsProjectAndLocalJars UP-TO-DATE
> Task :react-native-firebase_firestore:extractDeepLinksForAarRelease UP-TO-DATE
> Task :react-native-firebase_firestore:extractReleaseAnnotations UP-TO-DATE
> Task :react-native-firebase_firestore:mergeReleaseGeneratedProguardFiles UP-TO-DATE
> Task :react-native-firebase_firestore:mergeReleaseConsumerProguardFiles UP-TO-DATE
> Task :react-native-firebase_firestore:mergeReleaseJavaResource UP-TO-DATE
> Task :react-native-firebase_firestore:syncReleaseLibJars UP-TO-DATE
> Task :react-native-firebase_firestore:bundleReleaseLocalLintAar UP-TO-DATE
> Task :react-native-firebase_messaging:stripReleaseDebugSymbols NO-SOURCE
> Task :react-native-firebase_messaging:copyReleaseJniLibsProjectAndLocalJars UP-TO-DATE
> Task :react-native-firebase_messaging:extractDeepLinksForAarRelease UP-TO-DATE
> Task :react-native-firebase_messaging:extractReleaseAnnotations UP-TO-DATE
> Task :react-native-firebase_messaging:mergeReleaseGeneratedProguardFiles UP-TO-DATE
> Task :react-native-firebase_messaging:mergeReleaseConsumerProguardFiles UP-TO-DATE
> Task :react-native-firebase_messaging:mergeReleaseJavaResource UP-TO-DATE
> Task :react-native-firebase_messaging:syncReleaseLibJars UP-TO-DATE
> Task :react-native-firebase_messaging:bundleReleaseLocalLintAar UP-TO-DATE
> Task :react-native-firebase_app:stripReleaseDebugSymbols NO-SOURCE
> Task :react-native-firebase_app:copyReleaseJniLibsProjectAndLocalJars UP-TO-DATE
> Task :react-native-firebase_app:extractDeepLinksForAarRelease UP-TO-DATE
> Task :react-native-firebase_app:extractReleaseAnnotations UP-TO-DATE
> Task :react-native-firebase_app:mergeReleaseGeneratedProguardFiles UP-TO-DATE
> Task :react-native-firebase_app:mergeReleaseConsumerProguardFiles UP-TO-DATE
> Task :react-native-firebase_app:mergeReleaseJavaResource UP-TO-DATE
> Task :react-native-firebase_app:syncReleaseLibJars UP-TO-DATE
> Task :react-native-firebase_app:bundleReleaseLocalLintAar UP-TO-DATE
> Task :react-native-masked-view_masked-view:stripReleaseDebugSymbols NO-SOURCE
> Task :react-native-masked-view_masked-view:copyReleaseJniLibsProjectAndLocalJars UP-TO-DATE
> Task :react-native-masked-view_masked-view:extractDeepLinksForAarRelease UP-TO-DATE
> Task :react-native-masked-view_masked-view:extractReleaseAnnotations UP-TO-DATE
> Task :react-native-masked-view_masked-view:mergeReleaseGeneratedProguardFiles UP-TO-DATE
> Task :react-native-masked-view_masked-view:mergeReleaseConsumerProguardFiles UP-TO-DATE
> Task :react-native-masked-view_masked-view:mergeReleaseJavaResource UP-TO-DATE
> Task :react-native-masked-view_masked-view:syncReleaseLibJars UP-TO-DATE
> Task :react-native-masked-view_masked-view:bundleReleaseLocalLintAar UP-TO-DATE
> Task :react-native-contacts:stripReleaseDebugSymbols NO-SOURCE
> Task :react-native-contacts:copyReleaseJniLibsProjectAndLocalJars UP-TO-DATE
> Task :react-native-contacts:extractDeepLinksForAarRelease UP-TO-DATE
> Task :react-native-contacts:extractReleaseAnnotations UP-TO-DATE
> Task :react-native-contacts:mergeReleaseGeneratedProguardFiles UP-TO-DATE
> Task :react-native-contacts:mergeReleaseConsumerProguardFiles UP-TO-DATE
> Task :react-native-contacts:mergeReleaseJavaResource UP-TO-DATE
> Task :react-native-contacts:syncReleaseLibJars UP-TO-DATE
> Task :react-native-contacts:bundleReleaseLocalLintAar UP-TO-DATE
> Task :react-native-fs:stripReleaseDebugSymbols NO-SOURCE
> Task :react-native-fs:copyReleaseJniLibsProjectAndLocalJars UP-TO-DATE
> Task :react-native-fs:extractDeepLinksForAarRelease UP-TO-DATE
> Task :react-native-fs:extractReleaseAnnotations UP-TO-DATE
> Task :react-native-fs:mergeReleaseGeneratedProguardFiles UP-TO-DATE
> Task :react-native-fs:mergeReleaseConsumerProguardFiles UP-TO-DATE
> Task :react-native-fs:mergeReleaseJavaResource UP-TO-DATE
> Task :react-native-fs:syncReleaseLibJars UP-TO-DATE
> Task :react-native-fs:bundleReleaseLocalLintAar UP-TO-DATE
> Task :react-native-get-random-values:stripReleaseDebugSymbols NO-SOURCE
> Task :react-native-get-random-values:copyReleaseJniLibsProjectAndLocalJars UP-TO-DATE
> Task :react-native-get-random-values:extractDeepLinksForAarRelease UP-TO-DATE
> Task :react-native-get-random-values:extractReleaseAnnotations UP-TO-DATE
> Task :react-native-get-random-values:mergeReleaseGeneratedProguardFiles UP-TO-DATE
> Task :react-native-get-random-values:mergeReleaseConsumerProguardFiles UP-TO-DATE
> Task :react-native-get-random-values:mergeReleaseJavaResource UP-TO-DATE
> Task :react-native-get-random-values:syncReleaseLibJars UP-TO-DATE
> Task :react-native-get-random-values:bundleReleaseLocalLintAar UP-TO-DATE
> Task :react-native-image-picker:stripReleaseDebugSymbols NO-SOURCE
> Task :react-native-image-picker:copyReleaseJniLibsProjectAndLocalJars UP-TO-DATE
> Task :react-native-image-picker:extractDeepLinksForAarRelease UP-TO-DATE
> Task :react-native-image-picker:extractReleaseAnnotations UP-TO-DATE
> Task :react-native-image-picker:mergeReleaseGeneratedProguardFiles UP-TO-DATE
> Task :react-native-image-picker:mergeReleaseConsumerProguardFiles UP-TO-DATE
> Task :react-native-image-picker:mergeReleaseJavaResource UP-TO-DATE
> Task :react-native-image-picker:syncReleaseLibJars UP-TO-DATE
> Task :react-native-image-picker:bundleReleaseLocalLintAar UP-TO-DATE
> Task :react-native-linear-gradient:stripReleaseDebugSymbols NO-SOURCE
> Task :react-native-linear-gradient:copyReleaseJniLibsProjectAndLocalJars UP-TO-DATE
> Task :react-native-linear-gradient:extractDeepLinksForAarRelease UP-TO-DATE
> Task :react-native-linear-gradient:extractReleaseAnnotations UP-TO-DATE
> Task :react-native-linear-gradient:mergeReleaseGeneratedProguardFiles UP-TO-DATE
> Task :react-native-linear-gradient:mergeReleaseConsumerProguardFiles UP-TO-DATE
> Task :react-native-linear-gradient:mergeReleaseJavaResource UP-TO-DATE
> Task :react-native-linear-gradient:syncReleaseLibJars UP-TO-DATE
> Task :react-native-linear-gradient:bundleReleaseLocalLintAar UP-TO-DATE
> Task :react-native-razorpay:stripReleaseDebugSymbols NO-SOURCE
> Task :react-native-razorpay:copyReleaseJniLibsProjectAndLocalJars UP-TO-DATE
> Task :react-native-razorpay:extractDeepLinksForAarRelease UP-TO-DATE
> Task :react-native-razorpay:extractReleaseAnnotations UP-TO-DATE
> Task :react-native-razorpay:mergeReleaseGeneratedProguardFiles UP-TO-DATE
> Task :react-native-razorpay:mergeReleaseConsumerProguardFiles UP-TO-DATE
> Task :react-native-razorpay:mergeReleaseJavaResource UP-TO-DATE
> Task :react-native-razorpay:syncReleaseLibJars UP-TO-DATE
> Task :react-native-razorpay:bundleReleaseLocalLintAar UP-TO-DATE
> Task :react-native-sqlite-storage:stripReleaseDebugSymbols NO-SOURCE
> Task :react-native-sqlite-storage:copyReleaseJniLibsProjectAndLocalJars UP-TO-DATE
> Task :react-native-sqlite-storage:extractDeepLinksForAarRelease UP-TO-DATE
> Task :react-native-sqlite-storage:extractReleaseAnnotations UP-TO-DATE
> Task :react-native-sqlite-storage:mergeReleaseGeneratedProguardFiles UP-TO-DATE
> Task :react-native-sqlite-storage:mergeReleaseConsumerProguardFiles UP-TO-DATE
> Task :react-native-sqlite-storage:mergeReleaseJavaResource UP-TO-DATE
> Task :react-native-sqlite-storage:syncReleaseLibJars UP-TO-DATE
> Task :react-native-sqlite-storage:bundleReleaseLocalLintAar UP-TO-DATE
> Task :react-native-svg:stripReleaseDebugSymbols NO-SOURCE
> Task :react-native-svg:copyReleaseJniLibsProjectAndLocalJars UP-TO-DATE
> Task :react-native-svg:extractDeepLinksForAarRelease UP-TO-DATE
> Task :react-native-svg:extractReleaseAnnotations UP-TO-DATE
> Task :react-native-svg:mergeReleaseGeneratedProguardFiles UP-TO-DATE
> Task :react-native-svg:mergeReleaseConsumerProguardFiles UP-TO-DATE
> Task :react-native-svg:mergeReleaseJavaResource UP-TO-DATE
> Task :react-native-svg:syncReleaseLibJars UP-TO-DATE
> Task :react-native-svg:bundleReleaseLocalLintAar UP-TO-DATE
> Task :notifee_react-native:lintVitalAnalyzeRelease UP-TO-DATE
> Task :notifee_react-native:writeReleaseLintModelMetadata UP-TO-DATE
> Task :react-native-async-storage_async-storage:lintVitalAnalyzeRelease UP-TO-DATE
> Task :react-native-async-storage_async-storage:writeReleaseLintModelMetadata UP-TO-DATE
> Task :react-native-community_geolocation:lintVitalAnalyzeRelease UP-TO-DATE
> Task :react-native-community_geolocation:writeReleaseLintModelMetadata UP-TO-DATE
> Task :react-native-community_netinfo:lintVitalAnalyzeRelease UP-TO-DATE
> Task :react-native-community_netinfo:writeReleaseLintModelMetadata UP-TO-DATE
> Task :react-native-contacts:lintVitalAnalyzeRelease UP-TO-DATE
> Task :react-native-contacts:writeReleaseLintModelMetadata UP-TO-DATE
> Task :react-native-firebase_app:writeReleaseLintModelMetadata UP-TO-DATE
> Task :react-native-firebase_analytics:lintVitalAnalyzeRelease UP-TO-DATE
> Task :react-native-firebase_analytics:writeReleaseLintModelMetadata UP-TO-DATE
> Task :react-native-firebase_app:lintVitalAnalyzeRelease UP-TO-DATE
> Task :react-native-firebase_auth:lintVitalAnalyzeRelease UP-TO-DATE
> Task :react-native-firebase_auth:writeReleaseLintModelMetadata UP-TO-DATE
> Task :react-native-firebase_crashlytics:lintVitalAnalyzeRelease UP-TO-DATE
> Task :react-native-firebase_crashlytics:writeReleaseLintModelMetadata UP-TO-DATE
> Task :react-native-firebase_database:lintVitalAnalyzeRelease UP-TO-DATE
> Task :react-native-firebase_database:writeReleaseLintModelMetadata UP-TO-DATE
> Task :react-native-firebase_firestore:lintVitalAnalyzeRelease UP-TO-DATE
> Task :react-native-firebase_firestore:writeReleaseLintModelMetadata UP-TO-DATE
> Task :react-native-firebase_messaging:lintVitalAnalyzeRelease UP-TO-DATE
> Task :react-native-firebase_messaging:writeReleaseLintModelMetadata UP-TO-DATE
> Task :react-native-fs:lintVitalAnalyzeRelease UP-TO-DATE
> Task :react-native-fs:writeReleaseLintModelMetadata UP-TO-DATE
> Task :react-native-reanimated:writeReleaseLintModelMetadata UP-TO-DATE
> Task :react-native-svg:writeReleaseLintModelMetadata UP-TO-DATE
> Task :react-native-worklets:writeReleaseLintModelMetadata UP-TO-DATE
> Task :react-native-gesture-handler:lintVitalAnalyzeRelease UP-TO-DATE
> Task :react-native-gesture-handler:writeReleaseLintModelMetadata UP-TO-DATE
> Task :react-native-get-random-values:lintVitalAnalyzeRelease UP-TO-DATE
> Task :react-native-get-random-values:writeReleaseLintModelMetadata UP-TO-DATE
> Task :react-native-google-signin_google-signin:lintVitalAnalyzeRelease UP-TO-DATE
> Task :react-native-google-signin_google-signin:writeReleaseLintModelMetadata UP-TO-DATE
> Task :react-native-html-to-pdf:lintVitalAnalyzeRelease UP-TO-DATE
> Task :react-native-html-to-pdf:writeReleaseLintModelMetadata UP-TO-DATE
> Task :react-native-image-picker:lintVitalAnalyzeRelease UP-TO-DATE
> Task :react-native-image-picker:writeReleaseLintModelMetadata UP-TO-DATE
> Task :react-native-keyboard-controller:lintVitalAnalyzeRelease UP-TO-DATE
> Task :react-native-keyboard-controller:writeReleaseLintModelMetadata UP-TO-DATE
> Task :react-native-keychain:lintVitalAnalyzeRelease UP-TO-DATE
> Task :react-native-keychain:writeReleaseLintModelMetadata UP-TO-DATE
> Task :react-native-linear-gradient:lintVitalAnalyzeRelease UP-TO-DATE
> Task :react-native-linear-gradient:writeReleaseLintModelMetadata UP-TO-DATE
> Task :react-native-maps:lintVitalAnalyzeRelease UP-TO-DATE
> Task :react-native-maps:writeReleaseLintModelMetadata UP-TO-DATE
> Task :react-native-masked-view_masked-view:lintVitalAnalyzeRelease UP-TO-DATE
> Task :react-native-masked-view_masked-view:writeReleaseLintModelMetadata UP-TO-DATE
> Task :react-native-pager-view:lintVitalAnalyzeRelease UP-TO-DATE
> Task :react-native-pager-view:writeReleaseLintModelMetadata UP-TO-DATE
> Task :react-native-razorpay:lintVitalAnalyzeRelease UP-TO-DATE
> Task :react-native-razorpay:writeReleaseLintModelMetadata UP-TO-DATE
> Task :react-native-reanimated:lintVitalAnalyzeRelease SKIPPED
> Task :react-native-safe-area-context:lintVitalAnalyzeRelease UP-TO-DATE
> Task :react-native-safe-area-context:writeReleaseLintModelMetadata UP-TO-DATE
> Task :react-native-screens:lintVitalAnalyzeRelease UP-TO-DATE
> Task :react-native-screens:writeReleaseLintModelMetadata UP-TO-DATE
> Task :react-native-sqlite-storage:lintVitalAnalyzeRelease UP-TO-DATE
> Task :react-native-sqlite-storage:writeReleaseLintModelMetadata UP-TO-DATE
> Task :react-native-svg:lintVitalAnalyzeRelease UP-TO-DATE
> Task :react-native-vector-icons_material-design-icons:lintVitalAnalyzeRelease UP-TO-DATE
> Task :react-native-vector-icons_material-design-icons:writeReleaseLintModelMetadata UP-TO-DATE
> Task :react-native-video:lintVitalAnalyzeRelease UP-TO-DATE
> Task :react-native-video:writeReleaseLintModelMetadata UP-TO-DATE
> Task :react-native-worklets:lintVitalAnalyzeRelease SKIPPED
> Task :app:lintVitalAnalyzeRelease UP-TO-DATE
> Task :notifee_react-native:generateReleaseLintVitalModel UP-TO-DATE
> Task :react-native-async-storage_async-storage:generateReleaseLintVitalModel UP-TO-DATE
> Task :react-native-community_geolocation:generateReleaseLintVitalModel UP-TO-DATE
> Task :react-native-community_netinfo:generateReleaseLintVitalModel UP-TO-DATE
> Task :react-native-contacts:generateReleaseLintVitalModel UP-TO-DATE
> Task :react-native-firebase_analytics:generateReleaseLintVitalModel UP-TO-DATE
> Task :react-native-firebase_app:generateReleaseLintVitalModel UP-TO-DATE
> Task :react-native-firebase_auth:generateReleaseLintVitalModel UP-TO-DATE
> Task :react-native-firebase_crashlytics:generateReleaseLintVitalModel UP-TO-DATE
> Task :react-native-firebase_database:generateReleaseLintVitalModel UP-TO-DATE
> Task :react-native-firebase_firestore:generateReleaseLintVitalModel UP-TO-DATE
> Task :react-native-firebase_messaging:generateReleaseLintVitalModel UP-TO-DATE
> Task :react-native-fs:generateReleaseLintVitalModel UP-TO-DATE
> Task :react-native-gesture-handler:generateReleaseLintVitalModel UP-TO-DATE
> Task :react-native-get-random-values:generateReleaseLintVitalModel UP-TO-DATE
> Task :react-native-google-signin_google-signin:generateReleaseLintVitalModel UP-TO-DATE
> Task :react-native-html-to-pdf:generateReleaseLintVitalModel UP-TO-DATE
> Task :react-native-image-picker:generateReleaseLintVitalModel UP-TO-DATE
> Task :react-native-keyboard-controller:generateReleaseLintVitalModel UP-TO-DATE
> Task :react-native-keychain:generateReleaseLintVitalModel UP-TO-DATE
> Task :react-native-linear-gradient:generateReleaseLintVitalModel UP-TO-DATE
> Task :react-native-maps:generateReleaseLintVitalModel UP-TO-DATE
> Task :react-native-masked-view_masked-view:generateReleaseLintVitalModel UP-TO-DATE
> Task :react-native-pager-view:generateReleaseLintVitalModel UP-TO-DATE
> Task :react-native-razorpay:generateReleaseLintVitalModel UP-TO-DATE
> Task :react-native-reanimated:generateReleaseLintVitalModel UP-TO-DATE
> Task :react-native-safe-area-context:generateReleaseLintVitalModel UP-TO-DATE
> Task :react-native-screens:generateReleaseLintVitalModel UP-TO-DATE
> Task :react-native-sqlite-storage:generateReleaseLintVitalModel UP-TO-DATE
> Task :react-native-svg:generateReleaseLintVitalModel UP-TO-DATE
> Task :react-native-vector-icons_material-design-icons:generateReleaseLintVitalModel UP-TO-DATE
> Task :react-native-video:generateReleaseLintVitalModel UP-TO-DATE
> Task :react-native-worklets:generateReleaseLintVitalModel UP-TO-DATE
> Task :app:lintVitalReportRelease UP-TO-DATE
> Task :app:lintVitalRelease
> Task :app:processReleaseJavaRes UP-TO-DATE
> Task :app:mergeReleaseJavaResource UP-TO-DATE
> Task :app:optimizeReleaseResources UP-TO-DATE
> Task :app:collectReleaseDependencies UP-TO-DATE
> Task :app:sdkReleaseDependencyData UP-TO-DATE
> Task :app:validateSigningRelease UP-TO-DATE
> Task :app:writeReleaseAppMetadata UP-TO-DATE
> Task :app:writeReleaseSigningConfigVersions UP-TO-DATE
> Task :app:packageRelease UP-TO-DATE
> Task :app:createReleaseApkListingFileRedirect UP-TO-DATE
> Task :app:assembleRelease UP-TO-DATE
> Task :notifee_react-native:bundleReleaseAar UP-TO-DATE
> Task :notifee_react-native:mapReleaseSourceSetPaths UP-TO-DATE
> Task :notifee_react-native:mergeReleaseResources UP-TO-DATE
> Task :notifee_react-native:verifyReleaseResources UP-TO-DATE
> Task :notifee_react-native:assembleRelease UP-TO-DATE
> Task :react-native-async-storage_async-storage:bundleReleaseAar UP-TO-DATE
> Task :react-native-async-storage_async-storage:mapReleaseSourceSetPaths UP-TO-DATE
> Task :react-native-async-storage_async-storage:mergeReleaseResources UP-TO-DATE
> Task :react-native-async-storage_async-storage:verifyReleaseResources UP-TO-DATE
> Task :react-native-async-storage_async-storage:assembleRelease UP-TO-DATE
> Task :react-native-community_geolocation:bundleReleaseAar UP-TO-DATE
> Task :react-native-community_geolocation:mapReleaseSourceSetPaths UP-TO-DATE
> Task :react-native-community_geolocation:mergeReleaseResources UP-TO-DATE
> Task :react-native-community_geolocation:verifyReleaseResources UP-TO-DATE
> Task :react-native-community_geolocation:assembleRelease UP-TO-DATE
> Task :react-native-community_netinfo:bundleReleaseAar UP-TO-DATE
> Task :react-native-community_netinfo:mapReleaseSourceSetPaths UP-TO-DATE
> Task :react-native-community_netinfo:mergeReleaseResources UP-TO-DATE
> Task :react-native-community_netinfo:verifyReleaseResources UP-TO-DATE
> Task :react-native-community_netinfo:assembleRelease UP-TO-DATE
> Task :react-native-contacts:bundleReleaseAar UP-TO-DATE
> Task :react-native-contacts:mapReleaseSourceSetPaths UP-TO-DATE
> Task :react-native-contacts:mergeReleaseResources UP-TO-DATE
> Task :react-native-contacts:verifyReleaseResources UP-TO-DATE
> Task :react-native-contacts:assembleRelease UP-TO-DATE
> Task :react-native-firebase_analytics:bundleReleaseAar UP-TO-DATE
> Task :react-native-firebase_analytics:mapReleaseSourceSetPaths UP-TO-DATE
> Task :react-native-firebase_analytics:mergeReleaseResources UP-TO-DATE
> Task :react-native-firebase_analytics:verifyReleaseResources UP-TO-DATE
> Task :react-native-firebase_analytics:assembleRelease UP-TO-DATE
> Task :react-native-firebase_app:bundleReleaseAar UP-TO-DATE
> Task :react-native-firebase_app:mapReleaseSourceSetPaths UP-TO-DATE
> Task :react-native-firebase_app:mergeReleaseResources UP-TO-DATE
> Task :react-native-firebase_app:verifyReleaseResources UP-TO-DATE
> Task :react-native-firebase_app:assembleRelease UP-TO-DATE
> Task :react-native-firebase_auth:bundleReleaseAar UP-TO-DATE
> Task :react-native-firebase_auth:mapReleaseSourceSetPaths UP-TO-DATE
> Task :react-native-firebase_auth:mergeReleaseResources UP-TO-DATE
> Task :react-native-firebase_auth:verifyReleaseResources UP-TO-DATE
> Task :react-native-firebase_auth:assembleRelease UP-TO-DATE
> Task :react-native-firebase_crashlytics:bundleReleaseAar UP-TO-DATE
> Task :react-native-firebase_crashlytics:mapReleaseSourceSetPaths UP-TO-DATE
> Task :react-native-firebase_crashlytics:mergeReleaseResources UP-TO-DATE
> Task :react-native-firebase_crashlytics:verifyReleaseResources UP-TO-DATE
> Task :react-native-firebase_crashlytics:assembleRelease UP-TO-DATE
> Task :react-native-firebase_database:bundleReleaseAar UP-TO-DATE
> Task :react-native-firebase_database:mapReleaseSourceSetPaths UP-TO-DATE
> Task :react-native-firebase_database:mergeReleaseResources UP-TO-DATE
> Task :react-native-firebase_database:verifyReleaseResources UP-TO-DATE
> Task :react-native-firebase_database:assembleRelease UP-TO-DATE
> Task :react-native-firebase_firestore:bundleReleaseAar UP-TO-DATE
> Task :react-native-firebase_firestore:mapReleaseSourceSetPaths UP-TO-DATE
> Task :react-native-firebase_firestore:mergeReleaseResources UP-TO-DATE
> Task :react-native-firebase_firestore:verifyReleaseResources UP-TO-DATE
> Task :react-native-firebase_firestore:assembleRelease UP-TO-DATE
> Task :react-native-firebase_messaging:bundleReleaseAar UP-TO-DATE
> Task :react-native-firebase_messaging:mapReleaseSourceSetPaths UP-TO-DATE
> Task :react-native-firebase_messaging:mergeReleaseResources UP-TO-DATE
> Task :react-native-firebase_messaging:verifyReleaseResources UP-TO-DATE
> Task :react-native-firebase_messaging:assembleRelease UP-TO-DATE
> Task :react-native-fs:bundleReleaseAar UP-TO-DATE
> Task :react-native-fs:mapReleaseSourceSetPaths UP-TO-DATE
> Task :react-native-fs:mergeReleaseResources UP-TO-DATE
> Task :react-native-fs:verifyReleaseResources UP-TO-DATE
> Task :react-native-fs:assembleRelease UP-TO-DATE
> Task :react-native-gesture-handler:bundleReleaseAar UP-TO-DATE
> Task :react-native-gesture-handler:mapReleaseSourceSetPaths UP-TO-DATE
> Task :react-native-gesture-handler:mergeReleaseResources UP-TO-DATE
> Task :react-native-gesture-handler:verifyReleaseResources UP-TO-DATE
> Task :react-native-gesture-handler:assembleRelease UP-TO-DATE
> Task :react-native-get-random-values:bundleReleaseAar UP-TO-DATE
> Task :react-native-get-random-values:mapReleaseSourceSetPaths UP-TO-DATE
> Task :react-native-get-random-values:mergeReleaseResources UP-TO-DATE
> Task :react-native-get-random-values:verifyReleaseResources UP-TO-DATE
> Task :react-native-get-random-values:assembleRelease UP-TO-DATE
> Task :react-native-google-signin_google-signin:bundleReleaseAar UP-TO-DATE
> Task :react-native-google-signin_google-signin:mapReleaseSourceSetPaths UP-TO-DATE
> Task :react-native-google-signin_google-signin:mergeReleaseResources UP-TO-DATE
> Task :react-native-google-signin_google-signin:verifyReleaseResources UP-TO-DATE
> Task :react-native-google-signin_google-signin:assembleRelease UP-TO-DATE
> Task :react-native-html-to-pdf:bundleReleaseAar UP-TO-DATE
> Task :react-native-html-to-pdf:mapReleaseSourceSetPaths UP-TO-DATE
> Task :react-native-html-to-pdf:mergeReleaseResources UP-TO-DATE
> Task :react-native-html-to-pdf:verifyReleaseResources UP-TO-DATE
> Task :react-native-html-to-pdf:assembleRelease UP-TO-DATE
> Task :react-native-image-picker:bundleReleaseAar UP-TO-DATE
> Task :react-native-image-picker:mapReleaseSourceSetPaths UP-TO-DATE
> Task :react-native-image-picker:mergeReleaseResources UP-TO-DATE
> Task :react-native-image-picker:verifyReleaseResources UP-TO-DATE
> Task :react-native-image-picker:assembleRelease UP-TO-DATE
> Task :react-native-keyboard-controller:bundleReleaseAar UP-TO-DATE
> Task :react-native-keyboard-controller:mapReleaseSourceSetPaths UP-TO-DATE
> Task :react-native-keyboard-controller:mergeReleaseResources UP-TO-DATE
> Task :react-native-keyboard-controller:verifyReleaseResources UP-TO-DATE
> Task :react-native-keyboard-controller:assembleRelease UP-TO-DATE
> Task :react-native-keychain:bundleReleaseAar UP-TO-DATE
> Task :react-native-keychain:mapReleaseSourceSetPaths UP-TO-DATE
> Task :react-native-keychain:mergeReleaseResources UP-TO-DATE
> Task :react-native-keychain:verifyReleaseResources UP-TO-DATE
> Task :react-native-keychain:assembleRelease UP-TO-DATE
> Task :react-native-linear-gradient:bundleReleaseAar UP-TO-DATE
> Task :react-native-linear-gradient:mapReleaseSourceSetPaths UP-TO-DATE
> Task :react-native-linear-gradient:mergeReleaseResources UP-TO-DATE
> Task :react-native-linear-gradient:verifyReleaseResources UP-TO-DATE
> Task :react-native-linear-gradient:assembleRelease UP-TO-DATE
> Task :react-native-maps:bundleReleaseAar UP-TO-DATE
> Task :react-native-maps:mapReleaseSourceSetPaths UP-TO-DATE
> Task :react-native-maps:mergeReleaseResources UP-TO-DATE
> Task :react-native-maps:verifyReleaseResources UP-TO-DATE
> Task :react-native-maps:assembleRelease UP-TO-DATE
> Task :react-native-masked-view_masked-view:bundleReleaseAar UP-TO-DATE
> Task :react-native-masked-view_masked-view:mapReleaseSourceSetPaths UP-TO-DATE
> Task :react-native-masked-view_masked-view:mergeReleaseResources UP-TO-DATE
> Task :react-native-masked-view_masked-view:verifyReleaseResources UP-TO-DATE
> Task :react-native-masked-view_masked-view:assembleRelease UP-TO-DATE
> Task :react-native-pager-view:bundleReleaseAar UP-TO-DATE
> Task :react-native-pager-view:mapReleaseSourceSetPaths UP-TO-DATE
> Task :react-native-pager-view:mergeReleaseResources UP-TO-DATE
> Task :react-native-pager-view:verifyReleaseResources UP-TO-DATE
> Task :react-native-pager-view:assembleRelease UP-TO-DATE
> Task :react-native-razorpay:bundleReleaseAar UP-TO-DATE
> Task :react-native-razorpay:mapReleaseSourceSetPaths UP-TO-DATE
> Task :react-native-razorpay:mergeReleaseResources UP-TO-DATE
> Task :react-native-razorpay:verifyReleaseResources UP-TO-DATE
> Task :react-native-razorpay:assembleRelease UP-TO-DATE
> Task :react-native-reanimated:bundleReleaseAar UP-TO-DATE
> Task :react-native-reanimated:mapReleaseSourceSetPaths UP-TO-DATE
> Task :react-native-reanimated:mergeReleaseResources UP-TO-DATE
> Task :react-native-reanimated:verifyReleaseResources UP-TO-DATE
> Task :react-native-reanimated:assembleRelease UP-TO-DATE
> Task :react-native-safe-area-context:bundleReleaseAar UP-TO-DATE
> Task :react-native-safe-area-context:mapReleaseSourceSetPaths UP-TO-DATE
> Task :react-native-safe-area-context:mergeReleaseResources UP-TO-DATE
> Task :react-native-safe-area-context:verifyReleaseResources UP-TO-DATE
> Task :react-native-safe-area-context:assembleRelease UP-TO-DATE
> Task :react-native-screens:bundleReleaseAar UP-TO-DATE
> Task :react-native-screens:mapReleaseSourceSetPaths UP-TO-DATE
> Task :react-native-screens:mergeReleaseResources UP-TO-DATE
> Task :react-native-screens:verifyReleaseResources UP-TO-DATE
> Task :react-native-screens:assembleRelease UP-TO-DATE
> Task :react-native-sqlite-storage:bundleReleaseAar UP-TO-DATE
> Task :react-native-sqlite-storage:mapReleaseSourceSetPaths UP-TO-DATE
> Task :react-native-sqlite-storage:mergeReleaseResources UP-TO-DATE
> Task :react-native-sqlite-storage:verifyReleaseResources UP-TO-DATE
> Task :react-native-sqlite-storage:assembleRelease UP-TO-DATE
> Task :react-native-svg:bundleReleaseAar UP-TO-DATE
> Task :react-native-svg:mapReleaseSourceSetPaths UP-TO-DATE
> Task :react-native-svg:mergeReleaseResources UP-TO-DATE
> Task :react-native-svg:verifyReleaseResources UP-TO-DATE
> Task :react-native-svg:assembleRelease UP-TO-DATE
> Task :react-native-vector-icons_material-design-icons:bundleReleaseAar UP-TO-DATE
> Task :react-native-vector-icons_material-design-icons:mapReleaseSourceSetPaths UP-TO-DATE
> Task :react-native-vector-icons_material-design-icons:mergeReleaseResources UP-TO-DATE
> Task :react-native-vector-icons_material-design-icons:verifyReleaseResources UP-TO-DATE
> Task :react-native-vector-icons_material-design-icons:assembleRelease UP-TO-DATE
> Task :react-native-video:bundleReleaseAar UP-TO-DATE
> Task :react-native-video:mapReleaseSourceSetPaths UP-TO-DATE
> Task :react-native-video:mergeReleaseResources UP-TO-DATE
> Task :react-native-video:verifyReleaseResources UP-TO-DATE
> Task :react-native-video:assembleRelease UP-TO-DATE
> Task :react-native-worklets:bundleReleaseAar UP-TO-DATE
> Task :react-native-worklets:mapReleaseSourceSetPaths UP-TO-DATE
> Task :react-native-worklets:mergeReleaseResources UP-TO-DATE
> Task :react-native-worklets:verifyReleaseResources UP-TO-DATE
> Task :react-native-worklets:assembleRelease UP-TO-DATE

[Incubating] Problems report is available at: file:///Users/jaskirat/Desktop/my_learning_app/android/build/reports/problems/problems-report.html

Deprecated Gradle features were used in this build, making it incompatible with Gradle 10.

You can use '--warning-mode all' to show the individual deprecation warnings and determine if they come from your own scripts or plugins.

For more on this, please refer to https://docs.gradle.org/9.3.1/userguide/command_line_interface.html#sec:command_line_warnings in the Gradle documentation.

BUILD SUCCESSFUL in 21s
1478 actionable tasks: 47 executed, 1431 up-to-date
